FECHA_CORTE,PER,CONG,NSELV,DOMINIO,ESTRATO,ESTRATOSOCIO,FACTORFINAL_HOGAR,CCDD,NOMBREDD,CCPP,NOMBREPP,CCDI,NOMBREDI,CCCP,NOMBRECP,UBIGEO
20230426,4,2,119,1,5,2,1324764395,24,TUMBES,2,CONTRALMIRANTE VILLAR,1,ZORRITOS,1,ZORRITOS,240201
20230426,4,2,119,1,5,2,1324764395,24,TUMBES,2,CONTRALMIRANTE VILLAR,1,ZORRITOS,1,ZORRITOS,240201
20230426,4,2,146,1,5,2,1324764395,24,TUMBES,2,CONTRALMIRANTE VILLAR,1,ZORRITOS,1,ZORRITOS,240201
20230426,4,2,252,1,5,2,1324764395,24,TUMBES,2,CONTRALMIRANTE VILLAR,1,ZORRITOS,1,ZORRITOS,240201
20230426,4,2,277,1,5,2,1324764395,24,TUMBES,2,CONTRALMIRANTE VILLAR,1,ZORRITOS,1,ZORRITOS,240201
20230426,4,2,277,1,5,2,1324764395,24,TUMBES,2,CONTRALMIRANTE VILLAR,1,ZORRITOS,1,ZORRITOS,240201
20230426,12,10,3,1,5,4,1059811516,24,TUMBES,2,CONTRALMIRANTE VILLAR,1,ZORRITOS,1,ZORRITOS,240201
20230426,12,10,50,1,5,4,1059811516,24,TUMBES,2,CONTRALMIRANTE VILLAR,1,ZORRITOS,1,ZORRITOS,240201
20230426,12,10,50,1,5,4,1059811516,24,TUMBES,2,CONTRALMIRANTE VILLAR,1,ZORRITOS,1,ZORRITOS,240201
20230426,12,10,161,1,5,4,1059811516,24,TUMBES,2,CONTRALMIRANTE VILLAR,1,ZORRITOS,1,ZORRITOS,240201
20230426,12,10,161,1,5,4,1059811516,24,TUMBES,2,CONTRALMIRANTE VILLAR,1,ZORRITOS,1,ZORRITOS,240201
20230426,12,10,161,1,5,4,1059811516,24,TUMBES,2,CONTRALMIRANTE VILLAR,1,ZORRITOS,1,ZORRITOS,240201
20230426,12,10,176,1,5,4,1059811516,24,TUMBES,2,CONTRALMIRANTE VILLAR,1,ZORRITOS,1,ZORRITOS,240201
20230426,12,10,194,1,5,4,1059811516,24,TUMBES,2,CONTRALMIRANTE VILLAR,1,ZORRITOS,1,ZORRITOS,240201
20230426,12,10,211,1,5,4,1059811516,24,TUMBES,2,CONTRALMIRANTE VILLAR,1,ZORRITOS,1,ZORRITOS,240201
20230426,12,10,211,1,5,4,1059811516,24,TUMBES,2,CONTRALMIRANTE VILLAR,1,ZORRITOS,1,ZORRITOS,240201
20230426,8,1401,5,1,5,3,1324764395,24,TUMBES,2,CONTRALMIRANTE VILLAR,1,ZORRITOS,3,GRAU,240201
20230426,8,1401,35,1,5,3,1324764395,24,TUMBES,2,CONTRALMIRANTE VILLAR,1,ZORRITOS,3,GRAU,240201
20230426,8,1401,35,1,5,3,1324764395,24,TUMBES,2,CONTRALMIRANTE VILLAR,1,ZORRITOS,3,GRAU,240201
20230426,8,1401,35,1,5,3,1324764395,24,TUMBES,2,CONTRALMIRANTE VILLAR,1,ZORRITOS,3,GRAU,240201
20230426,8,1401,92,1,5,3,1324764395,24,TUMBES,2,CONTRALMIRANTE VILLAR,1,ZORRITOS,3,GRAU,240201
20230426,8,1401,92,1,5,3,1324764395,24,TUMBES,2,CONTRALMIRANTE VILLAR,1,ZORRITOS,3,GRAU,240201
20230426,8,1401,134,1,5,3,1324764395,24,TUMBES,2,CONTRALMIRANTE VILLAR,1,ZORRITOS,3,GRAU,240201
20230426,8,1401,134,1,5,3,1324764395,24,TUMBES,2,CONTRALMIRANTE VILLAR,1,ZORRITOS,3,GRAU,240201
20230426,8,22,37,1,7,6,8440251572,24,TUMBES,2,CONTRALMIRANTE VILLAR,2,CASITAS,15,TACNA LIBRE,240202
20230426,8,22,40,1,7,6,8440251572,24,TUMBES,2,CONTRALMIRANTE VILLAR,2,CASITAS,15,TACNA LIBRE,240202
20230426,8,22,122,1,7,6,8440251572,24,TUMBES,2,CONTRALMIRANTE VILLAR,2,CASITAS,16,EL PALMO,240202
20230426,8,22,128,1,7,6,8440251572,24,TUMBES,2,CONTRALMIRANTE VILLAR,2,CASITAS,16,EL PALMO,240202
20230426,8,22,128,1,7,6,8440251572,24,TUMBES,2,CONTRALMIRANTE VILLAR,2,CASITAS,16,EL PALMO,240202
20230426,8,22,134,1,7,6,8440251572,24,TUMBES,2,CONTRALMIRANTE VILLAR,2,CASITAS,17,BELLAVISTA,240202
20230426,8,22,135,1,7,6,8440251572,24,TUMBES,2,CONTRALMIRANTE VILLAR,2,CASITAS,17,BELLAVISTA,240202
20230426,8,22,140,1,7,6,8440251572,24,TUMBES,2,CONTRALMIRANTE VILLAR,2,CASITAS,17,BELLAVISTA,240202
20230426,8,2501,3,1,5,5,1324764395,24,TUMBES,2,CONTRALMIRANTE VILLAR,3,CANOAS DE PUNTA SAL,1,CANCAS,240203
20230426,8,2501,3,1,5,5,1324764395,24,TUMBES,2,CONTRALMIRANTE VILLAR,3,CANOAS DE PUNTA SAL,1,CANCAS,240203
20230426,8,2501,30,1,5,5,1324764395,24,TUMBES,2,CONTRALMIRANTE VILLAR,3,CANOAS DE PUNTA SAL,1,CANCAS,240203
20230426,8,2501,30,1,5,5,1324764395,24,TUMBES,2,CONTRALMIRANTE VILLAR,3,CANOAS DE PUNTA SAL,1,CANCAS,240203
20230426,8,2501,65,1,5,5,1324764395,24,TUMBES,2,CONTRALMIRANTE VILLAR,3,CANOAS DE PUNTA SAL,1,CANCAS,240203
20230426,8,2501,65,1,5,5,1324764395,24,TUMBES,2,CONTRALMIRANTE VILLAR,3,CANOAS DE PUNTA SAL,1,CANCAS,240203
20230426,8,2501,65,1,5,5,1324764395,24,TUMBES,2,CONTRALMIRANTE VILLAR,3,CANOAS DE PUNTA SAL,1,CANCAS,240203
20230426,8,2501,65,1,5,5,1324764395,24,TUMBES,2,CONTRALMIRANTE VILLAR,3,CANOAS DE PUNTA SAL,1,CANCAS,240203
20230426,8,2501,65,1,5,5,1324764395,24,TUMBES,2,CONTRALMIRANTE VILLAR,3,CANOAS DE PUNTA SAL,1,CANCAS,240203
20230426,8,2501,86,1,5,5,1324764395,24,TUMBES,2,CONTRALMIRANTE VILLAR,3,CANOAS DE PUNTA SAL,1,CANCAS,240203
20230426,8,2501,86,1,5,5,1324764395,24,TUMBES,2,CONTRALMIRANTE VILLAR,3,CANOAS DE PUNTA SAL,1,CANCAS,240203
20230426,8,2501,86,1,5,5,1324764395,24,TUMBES,2,CONTRALMIRANTE VILLAR,3,CANOAS DE PUNTA SAL,1,CANCAS,240203
20230426,8,2501,93,1,5,5,1324764395,24,TUMBES,2,CONTRALMIRANTE VILLAR,3,CANOAS DE PUNTA SAL,1,CANCAS,240203
20230426,8,2501,93,1,5,5,1324764395,24,TUMBES,2,CONTRALMIRANTE VILLAR,3,CANOAS DE PUNTA SAL,1,CANCAS,240203
20230426,4,2601,6,1,5,4,1514016451,24,TUMBES,2,CONTRALMIRANTE VILLAR,3,CANOAS DE PUNTA SAL,1,CANCAS,240203
20230426,4,2601,6,1,5,4,1514016451,24,TUMBES,2,CONTRALMIRANTE VILLAR,3,CANOAS DE PUNTA SAL,1,CANCAS,240203
20230426,4,2601,23,1,5,4,1514016451,24,TUMBES,2,CONTRALMIRANTE VILLAR,3,CANOAS DE PUNTA SAL,1,CANCAS,240203
20230426,4,2601,23,1,5,4,1514016451,24,TUMBES,2,CONTRALMIRANTE VILLAR,3,CANOAS DE PUNTA SAL,1,CANCAS,240203
20230426,4,2601,35,1,5,4,1514016451,24,TUMBES,2,CONTRALMIRANTE VILLAR,3,CANOAS DE PUNTA SAL,1,CANCAS,240203
20230426,4,2601,58,1,5,4,1514016451,24,TUMBES,2,CONTRALMIRANTE VILLAR,3,CANOAS DE PUNTA SAL,1,CANCAS,240203
20230426,4,2601,58,1,5,4,1514016451,24,TUMBES,2,CONTRALMIRANTE VILLAR,3,CANOAS DE PUNTA SAL,1,CANCAS,240203
20230426,4,2601,58,1,5,4,1514016451,24,TUMBES,2,CONTRALMIRANTE VILLAR,3,CANOAS DE PUNTA SAL,1,CANCAS,240203
20230426,4,2601,58,1,5,4,1514016451,24,TUMBES,2,CONTRALMIRANTE VILLAR,3,CANOAS DE PUNTA SAL,1,CANCAS,240203
20230426,4,2601,58,1,5,4,1514016451,24,TUMBES,2,CONTRALMIRANTE VILLAR,3,CANOAS DE PUNTA SAL,1,CANCAS,240203
20230426,4,2601,129,1,5,4,1514016451,24,TUMBES,2,CONTRALMIRANTE VILLAR,3,CANOAS DE PUNTA SAL,1,CANCAS,240203
20230426,4,2601,129,1,5,4,1514016451,24,TUMBES,2,CONTRALMIRANTE VILLAR,3,CANOAS DE PUNTA SAL,1,CANCAS,240203
20230426,4,2601,129,1,5,4,1514016451,24,TUMBES,2,CONTRALMIRANTE VILLAR,3,CANOAS DE PUNTA SAL,1,CANCAS,240203
20230426,4,2601,129,1,5,4,1514016451,24,TUMBES,2,CONTRALMIRANTE VILLAR,3,CANOAS DE PUNTA SAL,1,CANCAS,240203
20230426,1,3301,13,1,3,5,1150934192,24,TUMBES,1,TUMBES,1,TUMBES,1,TUMBES,240101
20230426,1,3301,19,1,3,5,1150934192,24,TUMBES,1,TUMBES,1,TUMBES,1,TUMBES,240101
20230426,1,3301,19,1,3,5,1150934192,24,TUMBES,1,TUMBES,1,TUMBES,1,TUMBES,240101
20230426,1,3301,59,1,3,5,1150934192,24,TUMBES,1,TUMBES,1,TUMBES,1,TUMBES,240101
20230426,1,3301,59,1,3,5,1150934192,24,TUMBES,1,TUMBES,1,TUMBES,1,TUMBES,240101
20230426,1,3301,72,1,3,5,1150934192,24,TUMBES,1,TUMBES,1,TUMBES,1,TUMBES,240101
20230426,1,3301,89,1,3,5,1150934192,24,TUMBES,1,TUMBES,1,TUMBES,1,TUMBES,240101
20230426,1,3301,89,1,3,5,1150934192,24,TUMBES,1,TUMBES,1,TUMBES,1,TUMBES,240101
20230426,1,3301,97,1,3,5,1150934192,24,TUMBES,1,TUMBES,1,TUMBES,1,TUMBES,240101
20230426,1,3301,118,1,3,5,1150934192,24,TUMBES,1,TUMBES,1,TUMBES,1,TUMBES,240101
20230426,9,36,3,1,3,3,9207473537,24,TUMBES,1,TUMBES,1,TUMBES,1,TUMBES,240101
20230426,9,36,3,1,3,3,9207473537,24,TUMBES,1,TUMBES,1,TUMBES,1,TUMBES,240101
20230426,9,36,31,1,3,3,9207473537,24,TUMBES,1,TUMBES,1,TUMBES,1,TUMBES,240101
20230426,9,36,31,1,3,3,9207473537,24,TUMBES,1,TUMBES,1,TUMBES,1,TUMBES,240101
20230426,9,36,31,1,3,3,9207473537,24,TUMBES,1,TUMBES,1,TUMBES,1,TUMBES,240101
20230426,9,36,31,1,3,3,9207473537,24,TUMBES,1,TUMBES,1,TUMBES,1,TUMBES,240101
20230426,9,36,31,1,3,3,9207473537,24,TUMBES,1,TUMBES,1,TUMBES,1,TUMBES,240101
20230426,9,36,49,1,3,3,9207473537,24,TUMBES,1,TUMBES,1,TUMBES,1,TUMBES,240101
20230426,9,36,49,1,3,3,9207473537,24,TUMBES,1,TUMBES,1,TUMBES,1,TUMBES,240101
20230426,9,36,94,1,3,3,9207473537,24,TUMBES,1,TUMBES,1,TUMBES,1,TUMBES,240101
20230426,9,36,94,1,3,3,9207473537,24,TUMBES,1,TUMBES,1,TUMBES,1,TUMBES,240101
20230426,9,36,116,1,3,3,9207473537,24,TUMBES,1,TUMBES,1,TUMBES,1,TUMBES,240101
20230426,9,36,116,1,3,3,9207473537,24,TUMBES,1,TUMBES,1,TUMBES,1,TUMBES,240101
20230426,9,36,116,1,3,3,9207473537,24,TUMBES,1,TUMBES,1,TUMBES,1,TUMBES,240101
20230426,9,36,138,1,3,3,9207473537,24,TUMBES,1,TUMBES,1,TUMBES,1,TUMBES,240101
20230426,9,36,183,1,3,3,9207473537,24,TUMBES,1,TUMBES,1,TUMBES,1,TUMBES,240101
20230426,9,36,253,1,3,3,9207473537,24,TUMBES,1,TUMBES,1,TUMBES,1,TUMBES,240101
20230426,9,36,253,1,3,3,9207473537,24,TUMBES,1,TUMBES,1,TUMBES,1,TUMBES,240101
20230426,9,36,253,1,3,3,9207473537,24,TUMBES,1,TUMBES,1,TUMBES,1,TUMBES,240101
20230426,9,36,253,1,3,3,9207473537,24,TUMBES,1,TUMBES,1,TUMBES,1,TUMBES,240101
20230426,1,39,47,1,3,1,1150934192,24,TUMBES,1,TUMBES,1,TUMBES,1,TUMBES,240101
20230426,1,39,66,1,3,1,1150934192,24,TUMBES,1,TUMBES,1,TUMBES,1,TUMBES,240101
20230426,1,39,145,1,3,1,1150934192,24,TUMBES,1,TUMBES,1,TUMBES,1,TUMBES,240101
20230426,1,39,145,1,3,1,1150934192,24,TUMBES,1,TUMBES,1,TUMBES,1,TUMBES,240101
20230426,1,39,145,1,3,1,1150934192,24,TUMBES,1,TUMBES,1,TUMBES,1,TUMBES,240101
20230426,1,39,145,1,3,1,1150934192,24,TUMBES,1,TUMBES,1,TUMBES,1,TUMBES,240101
20230426,1,39,193,1,3,1,1150934192,24,TUMBES,1,TUMBES,1,TUMBES,1,TUMBES,240101
20230426,9,44,20,1,3,2,9207473537,24,TUMBES,1,TUMBES,1,TUMBES,1,TUMBES,240101
20230426,5,54,5,1,3,1,1315353362,24,TUMBES,1,TUMBES,1,TUMBES,1,TUMBES,240101
20230426,5,54,20,1,3,1,1315353362,24,TUMBES,1,TUMBES,1,TUMBES,1,TUMBES,240101
20230426,5,54,61,1,3,1,1315353362,24,TUMBES,1,TUMBES,1,TUMBES,1,TUMBES,240101
20230426,5,54,96,1,3,1,1315353362,24,TUMBES,1,TUMBES,1,TUMBES,1,TUMBES,240101
20230426,5,54,118,1,3,1,1315353362,24,TUMBES,1,TUMBES,1,TUMBES,1,TUMBES,240101
20230426,1,58,4,1,3,2,1315353362,24,TUMBES,1,TUMBES,1,TUMBES,1,TUMBES,240101
20230426,1,58,4,1,3,2,1315353362,24,TUMBES,1,TUMBES,1,TUMBES,1,TUMBES,240101
20230426,1,58,33,1,3,2,1315353362,24,TUMBES,1,TUMBES,1,TUMBES,1,TUMBES,240101
20230426,1,58,33,1,3,2,1315353362,24,TUMBES,1,TUMBES,1,TUMBES,1,TUMBES,240101
20230426,1,58,115,1,3,2,1315353362,24,TUMBES,1,TUMBES,1,TUMBES,1,TUMBES,240101
20230426,1,58,128,1,3,2,1315353362,24,TUMBES,1,TUMBES,1,TUMBES,1,TUMBES,240101
20230426,1,62,39,1,3,3,1315353362,24,TUMBES,1,TUMBES,1,TUMBES,1,TUMBES,240101
20230426,1,62,100,1,3,3,1315353362,24,TUMBES,1,TUMBES,1,TUMBES,1,TUMBES,240101
20230426,1,62,100,1,3,3,1315353362,24,TUMBES,1,TUMBES,1,TUMBES,1,TUMBES,240101
20230426,1,62,112,1,3,3,1315353362,24,TUMBES,1,TUMBES,1,TUMBES,1,TUMBES,240101
20230426,1,62,219,1,3,3,1315353362,24,TUMBES,1,TUMBES,1,TUMBES,1,TUMBES,240101
20230426,1,62,219,1,3,3,1315353362,24,TUMBES,1,TUMBES,1,TUMBES,1,TUMBES,240101
20230426,5,71,33,1,3,3,1150934192,24,TUMBES,1,TUMBES,1,TUMBES,1,TUMBES,240101
20230426,5,71,51,1,3,3,1150934192,24,TUMBES,1,TUMBES,1,TUMBES,1,TUMBES,240101
20230426,5,71,86,1,3,3,1150934192,24,TUMBES,1,TUMBES,1,TUMBES,1,TUMBES,240101
20230426,5,71,86,1,3,3,1150934192,24,TUMBES,1,TUMBES,1,TUMBES,1,TUMBES,240101
20230426,5,71,86,1,3,3,1150934192,24,TUMBES,1,TUMBES,1,TUMBES,1,TUMBES,240101
20230426,5,71,99,1,3,3,1150934192,24,TUMBES,1,TUMBES,1,TUMBES,1,TUMBES,240101
20230426,5,71,154,1,3,3,1150934192,24,TUMBES,1,TUMBES,1,TUMBES,1,TUMBES,240101
20230426,5,71,154,1,3,3,1150934192,24,TUMBES,1,TUMBES,1,TUMBES,1,TUMBES,240101
20230426,5,71,154,1,3,3,1150934192,24,TUMBES,1,TUMBES,1,TUMBES,1,TUMBES,240101
20230426,9,8301,3,1,3,4,9207473537,24,TUMBES,1,TUMBES,1,TUMBES,1,TUMBES,240101
20230426,9,8301,3,1,3,4,9207473537,24,TUMBES,1,TUMBES,1,TUMBES,1,TUMBES,240101
20230426,9,8301,3,1,3,4,9207473537,24,TUMBES,1,TUMBES,1,TUMBES,1,TUMBES,240101
20230426,9,8301,10,1,3,4,9207473537,24,TUMBES,1,TUMBES,1,TUMBES,1,TUMBES,240101
20230426,9,8301,10,1,3,4,9207473537,24,TUMBES,1,TUMBES,1,TUMBES,1,TUMBES,240101
20230426,9,8301,34,1,3,4,9207473537,24,TUMBES,1,TUMBES,1,TUMBES,1,TUMBES,240101
20230426,9,8301,41,1,3,4,9207473537,24,TUMBES,1,TUMBES,1,TUMBES,1,TUMBES,240101
20230426,9,8301,41,1,3,4,9207473537,24,TUMBES,1,TUMBES,1,TUMBES,1,TUMBES,240101
20230426,9,8301,54,1,3,4,9207473537,24,TUMBES,1,TUMBES,1,TUMBES,1,TUMBES,240101
20230426,9,8301,54,1,3,4,9207473537,24,TUMBES,1,TUMBES,1,TUMBES,1,TUMBES,240101
20230426,9,8301,68,1,3,4,9207473537,24,TUMBES,1,TUMBES,1,TUMBES,1,TUMBES,240101
20230426,9,8301,68,1,3,4,9207473537,24,TUMBES,1,TUMBES,1,TUMBES,1,TUMBES,240101
20230426,9,8301,68,1,3,4,9207473537,24,TUMBES,1,TUMBES,1,TUMBES,1,TUMBES,240101
20230426,9,8301,106,1,3,4,9207473537,24,TUMBES,1,TUMBES,1,TUMBES,1,TUMBES,240101
20230426,9,8301,106,1,3,4,9207473537,24,TUMBES,1,TUMBES,1,TUMBES,1,TUMBES,240101
20230426,9,8301,106,1,3,4,9207473537,24,TUMBES,1,TUMBES,1,TUMBES,1,TUMBES,240101
20230426,9,8301,106,1,3,4,9207473537,24,TUMBES,1,TUMBES,1,TUMBES,1,TUMBES,240101
20230426,5,85,13,1,3,2,1150934192,24,TUMBES,1,TUMBES,1,TUMBES,1,TUMBES,240101
20230426,5,85,58,1,3,2,1150934192,24,TUMBES,1,TUMBES,1,TUMBES,1,TUMBES,240101
20230426,5,85,58,1,3,2,1150934192,24,TUMBES,1,TUMBES,1,TUMBES,1,TUMBES,240101
20230426,5,85,58,1,3,2,1150934192,24,TUMBES,1,TUMBES,1,TUMBES,1,TUMBES,240101
20230426,5,85,71,1,3,2,1150934192,24,TUMBES,1,TUMBES,1,TUMBES,1,TUMBES,240101
20230426,5,85,71,1,3,2,1150934192,24,TUMBES,1,TUMBES,1,TUMBES,1,TUMBES,240101
20230426,9,88,33,1,3,3,9207473537,24,TUMBES,1,TUMBES,1,TUMBES,1,TUMBES,240101
20230426,9,88,56,1,3,3,9207473537,24,TUMBES,1,TUMBES,1,TUMBES,1,TUMBES,240101
20230426,9,88,77,1,3,3,9207473537,24,TUMBES,1,TUMBES,1,TUMBES,1,TUMBES,240101
20230426,9,88,119,1,3,3,9207473537,24,TUMBES,1,TUMBES,1,TUMBES,1,TUMBES,240101
20230426,9,88,119,1,3,3,9207473537,24,TUMBES,1,TUMBES,1,TUMBES,1,TUMBES,240101
20230426,9,88,142,1,3,3,9207473537,24,TUMBES,1,TUMBES,1,TUMBES,1,TUMBES,240101
20230426,1,96,28,1,3,4,1150934192,24,TUMBES,1,TUMBES,1,TUMBES,1,TUMBES,240101
20230426,1,96,77,1,3,4,1150934192,24,TUMBES,1,TUMBES,1,TUMBES,1,TUMBES,240101
20230426,1,96,77,1,3,4,1150934192,24,TUMBES,1,TUMBES,1,TUMBES,1,TUMBES,240101
20230426,1,96,104,1,3,4,1150934192,24,TUMBES,1,TUMBES,1,TUMBES,1,TUMBES,240101
20230426,1,96,104,1,3,4,1150934192,24,TUMBES,1,TUMBES,1,TUMBES,1,TUMBES,240101
20230426,1,96,104,1,3,4,1150934192,24,TUMBES,1,TUMBES,1,TUMBES,1,TUMBES,240101
20230426,1,96,121,1,3,4,1150934192,24,TUMBES,1,TUMBES,1,TUMBES,1,TUMBES,240101
20230426,5,102,59,1,3,4,1150934192,24,TUMBES,1,TUMBES,1,TUMBES,1,TUMBES,240101
20230426,5,102,59,1,3,4,1150934192,24,TUMBES,1,TUMBES,1,TUMBES,1,TUMBES,240101
20230426,5,102,59,1,3,4,1150934192,24,TUMBES,1,TUMBES,1,TUMBES,1,TUMBES,240101
20230426,5,102,59,1,3,4,1150934192,24,TUMBES,1,TUMBES,1,TUMBES,1,TUMBES,240101
20230426,5,102,81,1,3,4,1150934192,24,TUMBES,1,TUMBES,1,TUMBES,1,TUMBES,240101
20230426,5,102,81,1,3,4,1150934192,24,TUMBES,1,TUMBES,1,TUMBES,1,TUMBES,240101
20230426,5,102,128,1,3,4,1150934192,24,TUMBES,1,TUMBES,1,TUMBES,1,TUMBES,240101
20230426,5,102,151,1,3,4,1150934192,24,TUMBES,1,TUMBES,1,TUMBES,1,TUMBES,240101
20230426,5,102,151,1,3,4,1150934192,24,TUMBES,1,TUMBES,1,TUMBES,1,TUMBES,240101
20230426,5,102,151,1,3,4,1150934192,24,TUMBES,1,TUMBES,1,TUMBES,1,TUMBES,240101
20230426,5,102,188,1,3,4,1150934192,24,TUMBES,1,TUMBES,1,TUMBES,1,TUMBES,240101
20230426,5,102,188,1,3,4,1150934192,24,TUMBES,1,TUMBES,1,TUMBES,1,TUMBES,240101
20230426,5,102,207,1,3,4,1150934192,24,TUMBES,1,TUMBES,1,TUMBES,1,TUMBES,240101
20230426,5,102,207,1,3,4,1150934192,24,TUMBES,1,TUMBES,1,TUMBES,1,TUMBES,240101
20230426,5,102,207,1,3,4,1150934192,24,TUMBES,1,TUMBES,1,TUMBES,1,TUMBES,240101
20230426,5,102,251,1,3,4,1150934192,24,TUMBES,1,TUMBES,1,TUMBES,1,TUMBES,240101
20230426,5,102,251,1,3,4,1150934192,24,TUMBES,1,TUMBES,1,TUMBES,1,TUMBES,240101
20230426,5,102,251,1,3,4,1150934192,24,TUMBES,1,TUMBES,1,TUMBES,1,TUMBES,240101
20230426,5,102,251,1,3,4,1150934192,24,TUMBES,1,TUMBES,1,TUMBES,1,TUMBES,240101
20230426,9,107,19,1,3,2,9207473537,24,TUMBES,1,TUMBES,1,TUMBES,1,TUMBES,240101
20230426,9,107,49,1,3,2,9207473537,24,TUMBES,1,TUMBES,1,TUMBES,1,TUMBES,240101
20230426,9,107,66,1,3,2,9207473537,24,TUMBES,1,TUMBES,1,TUMBES,1,TUMBES,240101
20230426,9,107,66,1,3,2,9207473537,24,TUMBES,1,TUMBES,1,TUMBES,1,TUMBES,240101
20230426,9,107,99,1,3,2,9207473537,24,TUMBES,1,TUMBES,1,TUMBES,1,TUMBES,240101
20230426,9,107,142,1,3,2,9207473537,24,TUMBES,1,TUMBES,1,TUMBES,1,TUMBES,240101
20230426,1,113,28,1,3,3,1150934192,24,TUMBES,1,TUMBES,1,TUMBES,1,TUMBES,240101
20230426,1,113,160,1,3,3,1150934192,24,TUMBES,1,TUMBES,1,TUMBES,1,TUMBES,240101
20230426,2,120,10,1,3,2,1150934192,24,TUMBES,1,TUMBES,1,TUMBES,1,TUMBES,240101
20230426,2,120,61,1,3,2,1150934192,24,TUMBES,1,TUMBES,1,TUMBES,1,TUMBES,240101
20230426,2,120,61,1,3,2,1150934192,24,TUMBES,1,TUMBES,1,TUMBES,1,TUMBES,240101
20230426,2,120,105,1,3,2,1150934192,24,TUMBES,1,TUMBES,1,TUMBES,1,TUMBES,240101
20230426,2,120,105,1,3,2,1150934192,24,TUMBES,1,TUMBES,1,TUMBES,1,TUMBES,240101
20230426,2,120,105,1,3,2,1150934192,24,TUMBES,1,TUMBES,1,TUMBES,1,TUMBES,240101
20230426,2,120,132,1,3,2,1150934192,24,TUMBES,1,TUMBES,1,TUMBES,1,TUMBES,240101
20230426,2,120,132,1,3,2,1150934192,24,TUMBES,1,TUMBES,1,TUMBES,1,TUMBES,240101
20230426,2,120,132,1,3,2,1150934192,24,TUMBES,1,TUMBES,1,TUMBES,1,TUMBES,240101
20230426,2,120,186,1,3,2,1150934192,24,TUMBES,1,TUMBES,1,TUMBES,1,TUMBES,240101
20230426,5,124,3,1,3,3,1150934192,24,TUMBES,1,TUMBES,1,TUMBES,1,TUMBES,240101
20230426,5,124,3,1,3,3,1150934192,24,TUMBES,1,TUMBES,1,TUMBES,1,TUMBES,240101
20230426,5,124,41,1,3,3,1150934192,24,TUMBES,1,TUMBES,1,TUMBES,1,TUMBES,240101
20230426,5,124,41,1,3,3,1150934192,24,TUMBES,1,TUMBES,1,TUMBES,1,TUMBES,240101
20230426,5,124,41,1,3,3,1150934192,24,TUMBES,1,TUMBES,1,TUMBES,1,TUMBES,240101
20230426,5,124,65,1,3,3,1150934192,24,TUMBES,1,TUMBES,1,TUMBES,1,TUMBES,240101
20230426,5,124,65,1,3,3,1150934192,24,TUMBES,1,TUMBES,1,TUMBES,1,TUMBES,240101
20230426,5,124,103,1,3,3,1150934192,24,TUMBES,1,TUMBES,1,TUMBES,1,TUMBES,240101
20230426,5,124,103,1,3,3,1150934192,24,TUMBES,1,TUMBES,1,TUMBES,1,TUMBES,240101
20230426,5,124,166,1,3,3,1150934192,24,TUMBES,1,TUMBES,1,TUMBES,1,TUMBES,240101
20230426,5,124,166,1,3,3,1150934192,24,TUMBES,1,TUMBES,1,TUMBES,1,TUMBES,240101
20230426,5,124,223,1,3,3,1150934192,24,TUMBES,1,TUMBES,1,TUMBES,1,TUMBES,240101
20230426,5,124,223,1,3,3,1150934192,24,TUMBES,1,TUMBES,1,TUMBES,1,TUMBES,240101
20230426,5,124,223,1,3,3,1150934192,24,TUMBES,1,TUMBES,1,TUMBES,1,TUMBES,240101
20230426,9,12802,70,1,3,4,9207473537,24,TUMBES,1,TUMBES,1,TUMBES,1,TUMBES,240101
20230426,9,12802,96,1,3,4,9207473537,24,TUMBES,1,TUMBES,1,TUMBES,1,TUMBES,240101
20230426,9,12802,96,1,3,4,9207473537,24,TUMBES,1,TUMBES,1,TUMBES,1,TUMBES,240101
20230426,9,12802,120,1,3,4,9207473537,24,TUMBES,1,TUMBES,1,TUMBES,1,TUMBES,240101
20230426,9,12802,120,1,3,4,9207473537,24,TUMBES,1,TUMBES,1,TUMBES,1,TUMBES,240101
20230426,9,12802,216,1,3,4,9207473537,24,TUMBES,1,TUMBES,1,TUMBES,1,TUMBES,240101
20230426,9,12802,216,1,3,4,9207473537,24,TUMBES,1,TUMBES,1,TUMBES,1,TUMBES,240101
20230426,9,12802,250,1,3,4,9207473537,24,TUMBES,1,TUMBES,1,TUMBES,1,TUMBES,240101
20230426,9,12802,250,1,3,4,9207473537,24,TUMBES,1,TUMBES,1,TUMBES,1,TUMBES,240101
20230426,9,12802,275,1,3,4,9207473537,24,TUMBES,1,TUMBES,1,TUMBES,1,TUMBES,240101
20230426,9,12802,275,1,3,4,9207473537,24,TUMBES,1,TUMBES,1,TUMBES,1,TUMBES,240101
20230426,9,12802,275,1,3,4,9207473537,24,TUMBES,1,TUMBES,1,TUMBES,1,TUMBES,240101
20230426,9,12802,351,1,3,4,9207473537,24,TUMBES,1,TUMBES,1,TUMBES,1,TUMBES,240101
20230426,9,12802,351,1,3,4,9207473537,24,TUMBES,1,TUMBES,1,TUMBES,1,TUMBES,240101
20230426,12,14501,28,1,3,1,1023052615,24,TUMBES,1,TUMBES,1,TUMBES,1,TUMBES,240101
20230426,12,14501,37,1,3,1,1023052615,24,TUMBES,1,TUMBES,1,TUMBES,1,TUMBES,240101
20230426,12,14501,37,1,3,1,1023052615,24,TUMBES,1,TUMBES,1,TUMBES,1,TUMBES,240101
20230426,12,14501,65,1,3,1,1023052615,24,TUMBES,1,TUMBES,1,TUMBES,1,TUMBES,240101
20230426,12,14501,65,1,3,1,1023052615,24,TUMBES,1,TUMBES,1,TUMBES,1,TUMBES,240101
20230426,12,14501,88,1,3,1,1023052615,24,TUMBES,1,TUMBES,1,TUMBES,1,TUMBES,240101
20230426,12,14501,88,1,3,1,1023052615,24,TUMBES,1,TUMBES,1,TUMBES,1,TUMBES,240101
20230426,10,146,12,1,3,3,9207473537,24,TUMBES,1,TUMBES,1,TUMBES,1,TUMBES,240101
20230426,10,146,60,1,3,3,9207473537,24,TUMBES,1,TUMBES,1,TUMBES,1,TUMBES,240101
20230426,10,146,60,1,3,3,9207473537,24,TUMBES,1,TUMBES,1,TUMBES,1,TUMBES,240101
20230426,10,146,73,1,3,3,9207473537,24,TUMBES,1,TUMBES,1,TUMBES,1,TUMBES,240101
20230426,10,146,73,1,3,3,9207473537,24,TUMBES,1,TUMBES,1,TUMBES,1,TUMBES,240101
20230426,10,146,73,1,3,3,9207473537,24,TUMBES,1,TUMBES,1,TUMBES,1,TUMBES,240101
20230426,10,146,105,1,3,3,9207473537,24,TUMBES,1,TUMBES,1,TUMBES,1,TUMBES,240101
20230426,10,146,130,1,3,3,9207473537,24,TUMBES,1,TUMBES,1,TUMBES,1,TUMBES,240101
20230426,10,146,130,1,3,3,9207473537,24,TUMBES,1,TUMBES,1,TUMBES,1,TUMBES,240101
20230426,10,146,130,1,3,3,9207473537,24,TUMBES,1,TUMBES,1,TUMBES,1,TUMBES,240101
20230426,10,146,130,1,3,3,9207473537,24,TUMBES,1,TUMBES,1,TUMBES,1,TUMBES,240101
20230426,10,146,130,1,3,3,9207473537,24,TUMBES,1,TUMBES,1,TUMBES,1,TUMBES,240101
20230426,10,146,147,1,3,3,9207473537,24,TUMBES,1,TUMBES,1,TUMBES,1,TUMBES,240101
20230426,10,146,147,1,3,3,9207473537,24,TUMBES,1,TUMBES,1,TUMBES,1,TUMBES,240101
20230426,10,146,176,1,3,3,9207473537,24,TUMBES,1,TUMBES,1,TUMBES,1,TUMBES,240101
20230426,10,146,176,1,3,3,9207473537,24,TUMBES,1,TUMBES,1,TUMBES,1,TUMBES,240101
20230426,10,146,176,1,3,3,9207473537,24,TUMBES,1,TUMBES,1,TUMBES,1,TUMBES,240101
20230426,2,15202,5,1,3,4,1150934192,24,TUMBES,1,TUMBES,1,TUMBES,1,TUMBES,240101
20230426,2,15202,5,1,3,4,1150934192,24,TUMBES,1,TUMBES,1,TUMBES,1,TUMBES,240101
20230426,2,15202,14,1,3,4,1150934192,24,TUMBES,1,TUMBES,1,TUMBES,1,TUMBES,240101
20230426,2,15202,14,1,3,4,1150934192,24,TUMBES,1,TUMBES,1,TUMBES,1,TUMBES,240101
20230426,2,15202,42,1,3,4,1150934192,24,TUMBES,1,TUMBES,1,TUMBES,1,TUMBES,240101
20230426,2,15202,42,1,3,4,1150934192,24,TUMBES,1,TUMBES,1,TUMBES,1,TUMBES,240101
20230426,2,15202,120,1,3,4,1150934192,24,TUMBES,1,TUMBES,1,TUMBES,1,TUMBES,240101
20230426,2,15202,120,1,3,4,1150934192,24,TUMBES,1,TUMBES,1,TUMBES,1,TUMBES,240101
20230426,6,154,6,1,3,2,1150934192,24,TUMBES,1,TUMBES,1,TUMBES,1,TUMBES,240101
20230426,6,154,6,1,3,2,1150934192,24,TUMBES,1,TUMBES,1,TUMBES,1,TUMBES,240101
20230426,6,154,31,1,3,2,1150934192,24,TUMBES,1,TUMBES,1,TUMBES,1,TUMBES,240101
20230426,6,154,31,1,3,2,1150934192,24,TUMBES,1,TUMBES,1,TUMBES,1,TUMBES,240101
20230426,6,154,77,1,3,2,1150934192,24,TUMBES,1,TUMBES,1,TUMBES,1,TUMBES,240101
20230426,6,154,77,1,3,2,1150934192,24,TUMBES,1,TUMBES,1,TUMBES,1,TUMBES,240101
20230426,6,154,77,1,3,2,1150934192,24,TUMBES,1,TUMBES,1,TUMBES,1,TUMBES,240101
20230426,6,154,94,1,3,2,1150934192,24,TUMBES,1,TUMBES,1,TUMBES,1,TUMBES,240101
20230426,6,154,142,1,3,2,1150934192,24,TUMBES,1,TUMBES,1,TUMBES,1,TUMBES,240101
20230426,6,154,142,1,3,2,1150934192,24,TUMBES,1,TUMBES,1,TUMBES,1,TUMBES,240101
20230426,2,155,10,1,3,1,1150934192,24,TUMBES,1,TUMBES,1,TUMBES,1,TUMBES,240101
20230426,2,155,10,1,3,1,1150934192,24,TUMBES,1,TUMBES,1,TUMBES,1,TUMBES,240101
20230426,2,155,10,1,3,1,1150934192,24,TUMBES,1,TUMBES,1,TUMBES,1,TUMBES,240101
20230426,2,155,27,1,3,1,1150934192,24,TUMBES,1,TUMBES,1,TUMBES,1,TUMBES,240101
20230426,2,155,43,1,3,1,1150934192,24,TUMBES,1,TUMBES,1,TUMBES,1,TUMBES,240101
20230426,2,155,43,1,3,1,1150934192,24,TUMBES,1,TUMBES,1,TUMBES,1,TUMBES,240101
20230426,2,155,98,1,3,1,1150934192,24,TUMBES,1,TUMBES,1,TUMBES,1,TUMBES,240101
20230426,2,155,112,1,3,1,1150934192,24,TUMBES,1,TUMBES,1,TUMBES,1,TUMBES,240101
20230426,2,155,112,1,3,1,1150934192,24,TUMBES,1,TUMBES,1,TUMBES,1,TUMBES,240101
20230426,2,155,112,1,3,1,1150934192,24,TUMBES,1,TUMBES,1,TUMBES,1,TUMBES,240101
20230426,2,155,154,1,3,1,1150934192,24,TUMBES,1,TUMBES,1,TUMBES,1,TUMBES,240101
20230426,2,155,154,1,3,1,1150934192,24,TUMBES,1,TUMBES,1,TUMBES,1,TUMBES,240101
20230426,2,160,22,1,3,3,1150934192,24,TUMBES,1,TUMBES,1,TUMBES,1,TUMBES,240101
20230426,2,160,39,1,3,3,1150934192,24,TUMBES,1,TUMBES,1,TUMBES,1,TUMBES,240101
20230426,2,160,39,1,3,3,1150934192,24,TUMBES,1,TUMBES,1,TUMBES,1,TUMBES,240101
20230426,2,160,49,1,3,3,1150934192,24,TUMBES,1,TUMBES,1,TUMBES,1,TUMBES,240101
20230426,2,160,49,1,3,3,1150934192,24,TUMBES,1,TUMBES,1,TUMBES,1,TUMBES,240101
20230426,2,160,49,1,3,3,1150934192,24,TUMBES,1,TUMBES,1,TUMBES,1,TUMBES,240101
20230426,2,160,74,1,3,3,1150934192,24,TUMBES,1,TUMBES,1,TUMBES,1,TUMBES,240101
20230426,2,160,74,1,3,3,1150934192,24,TUMBES,1,TUMBES,1,TUMBES,1,TUMBES,240101
20230426,2,160,89,1,3,3,1150934192,24,TUMBES,1,TUMBES,1,TUMBES,1,TUMBES,240101
20230426,2,160,89,1,3,3,1150934192,24,TUMBES,1,TUMBES,1,TUMBES,1,TUMBES,240101
20230426,2,160,120,1,3,3,1150934192,24,TUMBES,1,TUMBES,1,TUMBES,1,TUMBES,240101
20230426,2,160,132,1,3,3,1150934192,24,TUMBES,1,TUMBES,1,TUMBES,1,TUMBES,240101
20230426,2,160,132,1,3,3,1150934192,24,TUMBES,1,TUMBES,1,TUMBES,1,TUMBES,240101
20230426,6,165,6,1,3,4,1150934192,24,TUMBES,1,TUMBES,1,TUMBES,1,TUMBES,240101
20230426,6,165,6,1,3,4,1150934192,24,TUMBES,1,TUMBES,1,TUMBES,1,TUMBES,240101
20230426,6,165,46,1,3,4,1150934192,24,TUMBES,1,TUMBES,1,TUMBES,1,TUMBES,240101
20230426,6,165,46,1,3,4,1150934192,24,TUMBES,1,TUMBES,1,TUMBES,1,TUMBES,240101
20230426,6,165,54,1,3,4,1150934192,24,TUMBES,1,TUMBES,1,TUMBES,1,TUMBES,240101
20230426,6,165,54,1,3,4,1150934192,24,TUMBES,1,TUMBES,1,TUMBES,1,TUMBES,240101
20230426,6,165,90,1,3,4,1150934192,24,TUMBES,1,TUMBES,1,TUMBES,1,TUMBES,240101
20230426,6,165,90,1,3,4,1150934192,24,TUMBES,1,TUMBES,1,TUMBES,1,TUMBES,240101
20230426,6,165,90,1,3,4,1150934192,24,TUMBES,1,TUMBES,1,TUMBES,1,TUMBES,240101
20230426,6,165,143,1,3,4,1150934192,24,TUMBES,1,TUMBES,1,TUMBES,1,TUMBES,240101
20230426,6,165,143,1,3,4,1150934192,24,TUMBES,1,TUMBES,1,TUMBES,1,TUMBES,240101
20230426,6,165,173,1,3,4,1150934192,24,TUMBES,1,TUMBES,1,TUMBES,1,TUMBES,240101
20230426,6,165,173,1,3,4,1150934192,24,TUMBES,1,TUMBES,1,TUMBES,1,TUMBES,240101
20230426,6,177,26,1,3,1,1150934192,24,TUMBES,1,TUMBES,1,TUMBES,1,TUMBES,240101
20230426,6,177,53,1,3,1,1150934192,24,TUMBES,1,TUMBES,1,TUMBES,1,TUMBES,240101
20230426,6,177,53,1,3,1,1150934192,24,TUMBES,1,TUMBES,1,TUMBES,1,TUMBES,240101
20230426,6,177,141,1,3,1,1150934192,24,TUMBES,1,TUMBES,1,TUMBES,1,TUMBES,240101
20230426,6,177,153,1,3,1,1150934192,24,TUMBES,1,TUMBES,1,TUMBES,1,TUMBES,240101
20230426,6,177,183,1,3,1,1150934192,24,TUMBES,1,TUMBES,1,TUMBES,1,TUMBES,240101
20230426,6,177,183,1,3,1,1150934192,24,TUMBES,1,TUMBES,1,TUMBES,1,TUMBES,240101
20230426,6,177,183,1,3,1,1150934192,24,TUMBES,1,TUMBES,1,TUMBES,1,TUMBES,240101
20230426,6,177,183,1,3,1,1150934192,24,TUMBES,1,TUMBES,1,TUMBES,1,TUMBES,240101
20230426,6,177,210,1,3,1,1150934192,24,TUMBES,1,TUMBES,1,TUMBES,1,TUMBES,240101
20230426,6,177,224,1,3,1,1150934192,24,TUMBES,1,TUMBES,1,TUMBES,1,TUMBES,240101
20230426,6,177,224,1,3,1,1150934192,24,TUMBES,1,TUMBES,1,TUMBES,1,TUMBES,240101
20230426,6,177,224,1,3,1,1150934192,24,TUMBES,1,TUMBES,1,TUMBES,1,TUMBES,240101
20230426,6,177,224,1,3,1,1150934192,24,TUMBES,1,TUMBES,1,TUMBES,1,TUMBES,240101
20230426,6,181,132,1,3,3,1150934192,24,TUMBES,1,TUMBES,1,TUMBES,1,TUMBES,240101
20230426,6,181,132,1,3,3,1150934192,24,TUMBES,1,TUMBES,1,TUMBES,1,TUMBES,240101
20230426,6,181,194,1,3,3,1150934192,24,TUMBES,1,TUMBES,1,TUMBES,1,TUMBES,240101
20230426,6,181,194,1,3,3,1150934192,24,TUMBES,1,TUMBES,1,TUMBES,1,TUMBES,240101
20230426,6,181,194,1,3,3,1150934192,24,TUMBES,1,TUMBES,1,TUMBES,1,TUMBES,240101
20230426,6,181,194,1,3,3,1150934192,24,TUMBES,1,TUMBES,1,TUMBES,1,TUMBES,240101
20230426,6,181,194,1,3,3,1150934192,24,TUMBES,1,TUMBES,1,TUMBES,1,TUMBES,240101
20230426,6,181,222,1,3,3,1150934192,24,TUMBES,1,TUMBES,1,TUMBES,1,TUMBES,240101
20230426,6,181,222,1,3,3,1150934192,24,TUMBES,1,TUMBES,1,TUMBES,1,TUMBES,240101
20230426,6,181,222,1,3,3,1150934192,24,TUMBES,1,TUMBES,1,TUMBES,1,TUMBES,240101
20230426,6,181,222,1,3,3,1150934192,24,TUMBES,1,TUMBES,1,TUMBES,1,TUMBES,240101
20230426,10,194,21,1,5,3,1059811516,24,TUMBES,1,TUMBES,3,LA CRUZ,1,CALETA CRUZ,240103
20230426,10,194,59,1,5,3,1059811516,24,TUMBES,1,TUMBES,3,LA CRUZ,1,CALETA CRUZ,240103
20230426,10,194,81,1,5,3,1059811516,24,TUMBES,1,TUMBES,3,LA CRUZ,1,CALETA CRUZ,240103
20230426,10,194,81,1,5,3,1059811516,24,TUMBES,1,TUMBES,3,LA CRUZ,1,CALETA CRUZ,240103
20230426,10,194,96,1,5,3,1059811516,24,TUMBES,1,TUMBES,3,LA CRUZ,1,CALETA CRUZ,240103
20230426,10,194,129,1,5,3,1059811516,24,TUMBES,1,TUMBES,3,LA CRUZ,1,CALETA CRUZ,240103
20230426,10,194,129,1,5,3,1059811516,24,TUMBES,1,TUMBES,3,LA CRUZ,1,CALETA CRUZ,240103
20230426,10,194,149,1,5,3,1059811516,24,TUMBES,1,TUMBES,3,LA CRUZ,1,CALETA CRUZ,240103
20230426,10,194,149,1,5,3,1059811516,24,TUMBES,1,TUMBES,3,LA CRUZ,1,CALETA CRUZ,240103
20230426,10,194,186,1,5,3,1059811516,24,TUMBES,1,TUMBES,3,LA CRUZ,1,CALETA CRUZ,240103
20230426,10,194,228,1,5,3,1059811516,24,TUMBES,1,TUMBES,3,LA CRUZ,1,CALETA CRUZ,240103
20230426,10,194,228,1,5,3,1059811516,24,TUMBES,1,TUMBES,3,LA CRUZ,1,CALETA CRUZ,240103
20230426,7,195,119,1,5,4,1324764395,24,TUMBES,1,TUMBES,3,LA CRUZ,1,CALETA CRUZ,240103
20230426,7,195,136,1,5,4,1324764395,24,TUMBES,1,TUMBES,3,LA CRUZ,1,CALETA CRUZ,240103
20230426,7,195,193,1,5,4,1324764395,24,TUMBES,1,TUMBES,3,LA CRUZ,1,CALETA CRUZ,240103
20230426,11,201,6,1,5,4,1059811516,24,TUMBES,1,TUMBES,3,LA CRUZ,1,CALETA CRUZ,240103
20230426,11,201,18,1,5,4,1059811516,24,TUMBES,1,TUMBES,3,LA CRUZ,1,CALETA CRUZ,240103
20230426,11,201,18,1,5,4,1059811516,24,TUMBES,1,TUMBES,3,LA CRUZ,1,CALETA CRUZ,240103
20230426,11,201,31,1,5,4,1059811516,24,TUMBES,1,TUMBES,3,LA CRUZ,1,CALETA CRUZ,240103
20230426,11,201,70,1,5,4,1059811516,24,TUMBES,1,TUMBES,3,LA CRUZ,1,CALETA CRUZ,240103
20230426,11,201,70,1,5,4,1059811516,24,TUMBES,1,TUMBES,3,LA CRUZ,1,CALETA CRUZ,240103
20230426,11,201,70,1,5,4,1059811516,24,TUMBES,1,TUMBES,3,LA CRUZ,1,CALETA CRUZ,240103
20230426,11,201,70,1,5,4,1059811516,24,TUMBES,1,TUMBES,3,LA CRUZ,1,CALETA CRUZ,240103
20230426,11,201,70,1,5,4,1059811516,24,TUMBES,1,TUMBES,3,LA CRUZ,1,CALETA CRUZ,240103
20230426,11,201,85,1,5,4,1059811516,24,TUMBES,1,TUMBES,3,LA CRUZ,1,CALETA CRUZ,240103
20230426,11,201,85,1,5,4,1059811516,24,TUMBES,1,TUMBES,3,LA CRUZ,1,CALETA CRUZ,240103
20230426,11,201,85,1,5,4,1059811516,24,TUMBES,1,TUMBES,3,LA CRUZ,1,CALETA CRUZ,240103
20230426,11,201,85,1,5,4,1059811516,24,TUMBES,1,TUMBES,3,LA CRUZ,1,CALETA CRUZ,240103
20230426,11,201,97,1,5,4,1059811516,24,TUMBES,1,TUMBES,3,LA CRUZ,1,CALETA CRUZ,240103
20230426,11,201,97,1,5,4,1059811516,24,TUMBES,1,TUMBES,3,LA CRUZ,1,CALETA CRUZ,240103
20230426,11,201,126,1,5,4,1059811516,24,TUMBES,1,TUMBES,3,LA CRUZ,1,CALETA CRUZ,240103
20230426,11,201,126,1,5,4,1059811516,24,TUMBES,1,TUMBES,3,LA CRUZ,1,CALETA CRUZ,240103
20230426,11,201,147,1,5,4,1059811516,24,TUMBES,1,TUMBES,3,LA CRUZ,1,CALETA CRUZ,240103
20230426,11,201,173,1,5,4,1059811516,24,TUMBES,1,TUMBES,3,LA CRUZ,1,CALETA CRUZ,240103
20230426,10,207,2,1,4,5,1059811516,24,TUMBES,1,TUMBES,2,CORRALES,1,SAN PEDRO DE LOS INCAS,240102
20230426,10,207,2,1,4,5,1059811516,24,TUMBES,1,TUMBES,2,CORRALES,1,SAN PEDRO DE LOS INCAS,240102
20230426,10,207,36,1,4,5,1059811516,24,TUMBES,1,TUMBES,2,CORRALES,1,SAN PEDRO DE LOS INCAS,240102
20230426,10,207,36,1,4,5,1059811516,24,TUMBES,1,TUMBES,2,CORRALES,1,SAN PEDRO DE LOS INCAS,240102
20230426,10,207,51,1,4,5,1059811516,24,TUMBES,1,TUMBES,2,CORRALES,1,SAN PEDRO DE LOS INCAS,240102
20230426,10,207,51,1,4,5,1059811516,24,TUMBES,1,TUMBES,2,CORRALES,1,SAN PEDRO DE LOS INCAS,240102
20230426,10,207,51,1,4,5,1059811516,24,TUMBES,1,TUMBES,2,CORRALES,1,SAN PEDRO DE LOS INCAS,240102
20230426,10,207,67,1,4,5,1059811516,24,TUMBES,1,TUMBES,2,CORRALES,1,SAN PEDRO DE LOS INCAS,240102
20230426,10,207,67,1,4,5,1059811516,24,TUMBES,1,TUMBES,2,CORRALES,1,SAN PEDRO DE LOS INCAS,240102
20230426,10,207,105,1,4,5,1059811516,24,TUMBES,1,TUMBES,2,CORRALES,1,SAN PEDRO DE LOS INCAS,240102
20230426,10,207,105,1,4,5,1059811516,24,TUMBES,1,TUMBES,2,CORRALES,1,SAN PEDRO DE LOS INCAS,240102
20230426,10,207,190,1,4,5,1059811516,24,TUMBES,1,TUMBES,2,CORRALES,1,SAN PEDRO DE LOS INCAS,240102
20230426,2,213,113,1,4,3,1324764395,24,TUMBES,1,TUMBES,2,CORRALES,1,SAN PEDRO DE LOS INCAS,240102
20230426,2,213,113,1,4,3,1324764395,24,TUMBES,1,TUMBES,2,CORRALES,1,SAN PEDRO DE LOS INCAS,240102
20230426,2,213,113,1,4,3,1324764395,24,TUMBES,1,TUMBES,2,CORRALES,1,SAN PEDRO DE LOS INCAS,240102
20230426,2,213,113,1,4,3,1324764395,24,TUMBES,1,TUMBES,2,CORRALES,1,SAN PEDRO DE LOS INCAS,240102
20230426,2,213,129,1,4,3,1324764395,24,TUMBES,1,TUMBES,2,CORRALES,1,SAN PEDRO DE LOS INCAS,240102
20230426,2,213,153,1,4,3,1324764395,24,TUMBES,1,TUMBES,2,CORRALES,1,SAN PEDRO DE LOS INCAS,240102
20230426,2,213,153,1,4,3,1324764395,24,TUMBES,1,TUMBES,2,CORRALES,1,SAN PEDRO DE LOS INCAS,240102
20230426,2,213,153,1,4,3,1324764395,24,TUMBES,1,TUMBES,2,CORRALES,1,SAN PEDRO DE LOS INCAS,240102
20230426,2,213,153,1,4,3,1324764395,24,TUMBES,1,TUMBES,2,CORRALES,1,SAN PEDRO DE LOS INCAS,240102
20230426,2,213,153,1,4,3,1324764395,24,TUMBES,1,TUMBES,2,CORRALES,1,SAN PEDRO DE LOS INCAS,240102
20230426,7,220,14,1,4,3,1324764395,24,TUMBES,1,TUMBES,2,CORRALES,1,SAN PEDRO DE LOS INCAS,240102
20230426,7,220,14,1,4,3,1324764395,24,TUMBES,1,TUMBES,2,CORRALES,1,SAN PEDRO DE LOS INCAS,240102
20230426,7,220,51,1,4,3,1324764395,24,TUMBES,1,TUMBES,2,CORRALES,1,SAN PEDRO DE LOS INCAS,240102
20230426,7,220,72,1,4,3,1324764395,24,TUMBES,1,TUMBES,2,CORRALES,1,SAN PEDRO DE LOS INCAS,240102
20230426,7,220,105,1,4,3,1324764395,24,TUMBES,1,TUMBES,2,CORRALES,1,SAN PEDRO DE LOS INCAS,240102
20230426,7,220,123,1,4,3,1324764395,24,TUMBES,1,TUMBES,2,CORRALES,1,SAN PEDRO DE LOS INCAS,240102
20230426,7,220,155,1,4,3,1324764395,24,TUMBES,1,TUMBES,2,CORRALES,1,SAN PEDRO DE LOS INCAS,240102
20230426,7,220,203,1,4,3,1324764395,24,TUMBES,1,TUMBES,2,CORRALES,1,SAN PEDRO DE LOS INCAS,240102
20230426,7,220,203,1,4,3,1324764395,24,TUMBES,1,TUMBES,2,CORRALES,1,SAN PEDRO DE LOS INCAS,240102
20230426,7,220,203,1,4,3,1324764395,24,TUMBES,1,TUMBES,2,CORRALES,1,SAN PEDRO DE LOS INCAS,240102
20230426,7,220,203,1,4,3,1324764395,24,TUMBES,1,TUMBES,2,CORRALES,1,SAN PEDRO DE LOS INCAS,240102
20230426,7,220,203,1,4,3,1324764395,24,TUMBES,1,TUMBES,2,CORRALES,1,SAN PEDRO DE LOS INCAS,240102
20230426,3,22102,15,1,4,4,1324764395,24,TUMBES,1,TUMBES,2,CORRALES,1,SAN PEDRO DE LOS INCAS,240102
20230426,3,22102,42,1,4,4,1324764395,24,TUMBES,1,TUMBES,2,CORRALES,1,SAN PEDRO DE LOS INCAS,240102
20230426,3,22102,57,1,4,4,1324764395,24,TUMBES,1,TUMBES,2,CORRALES,1,SAN PEDRO DE LOS INCAS,240102
20230426,3,22102,104,1,4,4,1324764395,24,TUMBES,1,TUMBES,2,CORRALES,1,SAN PEDRO DE LOS INCAS,240102
20230426,3,22102,104,1,4,4,1324764395,24,TUMBES,1,TUMBES,2,CORRALES,1,SAN PEDRO DE LOS INCAS,240102
20230426,3,22102,164,1,4,4,1324764395,24,TUMBES,1,TUMBES,2,CORRALES,1,SAN PEDRO DE LOS INCAS,240102
20230426,3,22102,201,1,4,4,1324764395,24,TUMBES,1,TUMBES,2,CORRALES,1,SAN PEDRO DE LOS INCAS,240102
20230426,3,22102,201,1,4,4,1324764395,24,TUMBES,1,TUMBES,2,CORRALES,1,SAN PEDRO DE LOS INCAS,240102
20230426,3,22602,6,1,4,5,1324764395,24,TUMBES,1,TUMBES,2,CORRALES,1,SAN PEDRO DE LOS INCAS,240102
20230426,3,22602,38,1,4,5,1324764395,24,TUMBES,1,TUMBES,2,CORRALES,1,SAN PEDRO DE LOS INCAS,240102
20230426,3,22602,38,1,4,5,1324764395,24,TUMBES,1,TUMBES,2,CORRALES,1,SAN PEDRO DE LOS INCAS,240102
20230426,3,22602,38,1,4,5,1324764395,24,TUMBES,1,TUMBES,2,CORRALES,1,SAN PEDRO DE LOS INCAS,240102
20230426,3,22602,51,1,4,5,1324764395,24,TUMBES,1,TUMBES,2,CORRALES,1,SAN PEDRO DE LOS INCAS,240102
20230426,3,22602,75,1,4,5,1324764395,24,TUMBES,1,TUMBES,2,CORRALES,1,SAN PEDRO DE LOS INCAS,240102
20230426,3,22602,75,1,4,5,1324764395,24,TUMBES,1,TUMBES,2,CORRALES,1,SAN PEDRO DE LOS INCAS,240102
20230426,3,22602,88,1,4,5,1324764395,24,TUMBES,1,TUMBES,2,CORRALES,1,SAN PEDRO DE LOS INCAS,240102
20230426,3,22602,112,1,4,5,1324764395,24,TUMBES,1,TUMBES,2,CORRALES,1,SAN PEDRO DE LOS INCAS,240102
20230426,3,22602,148,1,4,5,1324764395,24,TUMBES,1,TUMBES,2,CORRALES,1,SAN PEDRO DE LOS INCAS,240102
20230426,6,234,11,1,4,5,1514016451,24,TUMBES,1,TUMBES,2,CORRALES,1,SAN PEDRO DE LOS INCAS,240102
20230426,6,234,11,1,4,5,1514016451,24,TUMBES,1,TUMBES,2,CORRALES,1,SAN PEDRO DE LOS INCAS,240102
20230426,6,234,11,1,4,5,1514016451,24,TUMBES,1,TUMBES,2,CORRALES,1,SAN PEDRO DE LOS INCAS,240102
20230426,6,234,11,1,4,5,1514016451,24,TUMBES,1,TUMBES,2,CORRALES,1,SAN PEDRO DE LOS INCAS,240102
20230426,6,234,43,1,4,5,1514016451,24,TUMBES,1,TUMBES,2,CORRALES,1,SAN PEDRO DE LOS INCAS,240102
20230426,6,234,71,1,4,5,1514016451,24,TUMBES,1,TUMBES,2,CORRALES,1,SAN PEDRO DE LOS INCAS,240102
20230426,6,234,105,1,4,5,1514016451,24,TUMBES,1,TUMBES,2,CORRALES,1,SAN PEDRO DE LOS INCAS,240102
20230426,6,234,105,1,4,5,1514016451,24,TUMBES,1,TUMBES,2,CORRALES,1,SAN PEDRO DE LOS INCAS,240102
20230426,6,234,124,1,4,5,1514016451,24,TUMBES,1,TUMBES,2,CORRALES,1,SAN PEDRO DE LOS INCAS,240102
20230426,6,234,157,1,4,5,1514016451,24,TUMBES,1,TUMBES,2,CORRALES,1,SAN PEDRO DE LOS INCAS,240102
20230426,6,234,157,1,4,5,1514016451,24,TUMBES,1,TUMBES,2,CORRALES,1,SAN PEDRO DE LOS INCAS,240102
20230426,7,235,26,1,4,4,1324764395,24,TUMBES,1,TUMBES,2,CORRALES,1,SAN PEDRO DE LOS INCAS,240102
20230426,7,235,26,1,4,4,1324764395,24,TUMBES,1,TUMBES,2,CORRALES,1,SAN PEDRO DE LOS INCAS,240102
20230426,7,235,65,1,4,4,1324764395,24,TUMBES,1,TUMBES,2,CORRALES,1,SAN PEDRO DE LOS INCAS,240102
20230426,7,235,65,1,4,4,1324764395,24,TUMBES,1,TUMBES,2,CORRALES,1,SAN PEDRO DE LOS INCAS,240102
20230426,7,235,65,1,4,4,1324764395,24,TUMBES,1,TUMBES,2,CORRALES,1,SAN PEDRO DE LOS INCAS,240102
20230426,7,235,97,1,4,4,1324764395,24,TUMBES,1,TUMBES,2,CORRALES,1,SAN PEDRO DE LOS INCAS,240102
20230426,7,235,97,1,4,4,1324764395,24,TUMBES,1,TUMBES,2,CORRALES,1,SAN PEDRO DE LOS INCAS,240102
20230426,7,235,116,1,4,4,1324764395,24,TUMBES,1,TUMBES,2,CORRALES,1,SAN PEDRO DE LOS INCAS,240102
20230426,7,235,128,1,4,4,1324764395,24,TUMBES,1,TUMBES,2,CORRALES,1,SAN PEDRO DE LOS INCAS,240102
20230426,7,235,158,1,4,4,1324764395,24,TUMBES,1,TUMBES,2,CORRALES,1,SAN PEDRO DE LOS INCAS,240102
20230426,10,242,31,1,4,5,1059811516,24,TUMBES,1,TUMBES,2,CORRALES,7,SAN ISIDRO,240102
20230426,10,242,31,1,4,5,1059811516,24,TUMBES,1,TUMBES,2,CORRALES,7,SAN ISIDRO,240102
20230426,10,242,31,1,4,5,1059811516,24,TUMBES,1,TUMBES,2,CORRALES,7,SAN ISIDRO,240102
20230426,10,242,56,1,4,5,1059811516,24,TUMBES,1,TUMBES,2,CORRALES,7,SAN ISIDRO,240102
20230426,10,242,77,1,4,5,1059811516,24,TUMBES,1,TUMBES,2,CORRALES,7,SAN ISIDRO,240102
20230426,10,242,77,1,4,5,1059811516,24,TUMBES,1,TUMBES,2,CORRALES,7,SAN ISIDRO,240102
20230426,10,242,77,1,4,5,1059811516,24,TUMBES,1,TUMBES,2,CORRALES,7,SAN ISIDRO,240102
20230426,10,242,103,1,4,5,1059811516,24,TUMBES,1,TUMBES,2,CORRALES,7,SAN ISIDRO,240102
20230426,10,242,103,1,4,5,1059811516,24,TUMBES,1,TUMBES,2,CORRALES,7,SAN ISIDRO,240102
20230426,10,242,140,1,4,5,1059811516,24,TUMBES,1,TUMBES,2,CORRALES,7,SAN ISIDRO,240102
20230426,10,242,181,1,4,5,1059811516,24,TUMBES,1,TUMBES,2,CORRALES,7,SAN ISIDRO,240102
20230426,10,242,197,1,4,5,1059811516,24,TUMBES,1,TUMBES,2,CORRALES,7,SAN ISIDRO,240102
20230426,10,242,256,1,4,5,1059811516,24,TUMBES,1,TUMBES,2,CORRALES,7,SAN ISIDRO,240102
20230426,3,270,10,1,5,4,1324764395,24,TUMBES,1,TUMBES,4,PAMPAS DE HOSPITAL,1,PAMPAS DE HOSPITAL,240104
20230426,3,270,32,1,5,4,1324764395,24,TUMBES,1,TUMBES,4,PAMPAS DE HOSPITAL,1,PAMPAS DE HOSPITAL,240104
20230426,3,270,32,1,5,4,1324764395,24,TUMBES,1,TUMBES,4,PAMPAS DE HOSPITAL,1,PAMPAS DE HOSPITAL,240104
20230426,3,270,42,1,5,4,1324764395,24,TUMBES,1,TUMBES,4,PAMPAS DE HOSPITAL,1,PAMPAS DE HOSPITAL,240104
20230426,3,270,62,1,5,4,1324764395,24,TUMBES,1,TUMBES,4,PAMPAS DE HOSPITAL,1,PAMPAS DE HOSPITAL,240104
20230426,3,270,62,1,5,4,1324764395,24,TUMBES,1,TUMBES,4,PAMPAS DE HOSPITAL,1,PAMPAS DE HOSPITAL,240104
20230426,3,270,62,1,5,4,1324764395,24,TUMBES,1,TUMBES,4,PAMPAS DE HOSPITAL,1,PAMPAS DE HOSPITAL,240104
20230426,3,270,77,1,5,4,1324764395,24,TUMBES,1,TUMBES,4,PAMPAS DE HOSPITAL,1,PAMPAS DE HOSPITAL,240104
20230426,3,270,77,1,5,4,1324764395,24,TUMBES,1,TUMBES,4,PAMPAS DE HOSPITAL,1,PAMPAS DE HOSPITAL,240104
20230426,3,270,77,1,5,4,1324764395,24,TUMBES,1,TUMBES,4,PAMPAS DE HOSPITAL,1,PAMPAS DE HOSPITAL,240104
20230426,3,270,111,1,5,4,1324764395,24,TUMBES,1,TUMBES,4,PAMPAS DE HOSPITAL,1,PAMPAS DE HOSPITAL,240104
20230426,3,270,133,1,5,4,1324764395,24,TUMBES,1,TUMBES,4,PAMPAS DE HOSPITAL,1,PAMPAS DE HOSPITAL,240104
20230426,11,271,28,1,5,3,1059811516,24,TUMBES,1,TUMBES,4,PAMPAS DE HOSPITAL,1,PAMPAS DE HOSPITAL,240104
20230426,11,271,72,1,5,3,1059811516,24,TUMBES,1,TUMBES,4,PAMPAS DE HOSPITAL,1,PAMPAS DE HOSPITAL,240104
20230426,11,271,122,1,5,3,1059811516,24,TUMBES,1,TUMBES,4,PAMPAS DE HOSPITAL,1,PAMPAS DE HOSPITAL,240104
20230426,11,271,122,1,5,3,1059811516,24,TUMBES,1,TUMBES,4,PAMPAS DE HOSPITAL,1,PAMPAS DE HOSPITAL,240104
20230426,11,271,136,1,5,3,1059811516,24,TUMBES,1,TUMBES,4,PAMPAS DE HOSPITAL,1,PAMPAS DE HOSPITAL,240104
20230426,11,271,156,1,5,3,1059811516,24,TUMBES,1,TUMBES,4,PAMPAS DE HOSPITAL,1,PAMPAS DE HOSPITAL,240104
20230426,11,271,156,1,5,3,1059811516,24,TUMBES,1,TUMBES,4,PAMPAS DE HOSPITAL,1,PAMPAS DE HOSPITAL,240104
20230426,11,271,156,1,5,3,1059811516,24,TUMBES,1,TUMBES,4,PAMPAS DE HOSPITAL,1,PAMPAS DE HOSPITAL,240104
20230426,11,271,169,1,5,3,1059811516,24,TUMBES,1,TUMBES,4,PAMPAS DE HOSPITAL,1,PAMPAS DE HOSPITAL,240104
20230426,11,271,208,1,5,3,1059811516,24,TUMBES,1,TUMBES,4,PAMPAS DE HOSPITAL,1,PAMPAS DE HOSPITAL,240104
20230426,11,271,208,1,5,3,1059811516,24,TUMBES,1,TUMBES,4,PAMPAS DE HOSPITAL,1,PAMPAS DE HOSPITAL,240104
20230426,7,27202,18,1,5,5,1324764395,24,TUMBES,1,TUMBES,4,PAMPAS DE HOSPITAL,1,PAMPAS DE HOSPITAL,240104
20230426,7,27202,18,1,5,5,1324764395,24,TUMBES,1,TUMBES,4,PAMPAS DE HOSPITAL,1,PAMPAS DE HOSPITAL,240104
20230426,7,27202,18,1,5,5,1324764395,24,TUMBES,1,TUMBES,4,PAMPAS DE HOSPITAL,1,PAMPAS DE HOSPITAL,240104
20230426,7,27202,32,1,5,5,1324764395,24,TUMBES,1,TUMBES,4,PAMPAS DE HOSPITAL,1,PAMPAS DE HOSPITAL,240104
20230426,7,27202,32,1,5,5,1324764395,24,TUMBES,1,TUMBES,4,PAMPAS DE HOSPITAL,1,PAMPAS DE HOSPITAL,240104
20230426,7,27202,32,1,5,5,1324764395,24,TUMBES,1,TUMBES,4,PAMPAS DE HOSPITAL,1,PAMPAS DE HOSPITAL,240104
20230426,7,27202,46,1,5,5,1324764395,24,TUMBES,1,TUMBES,4,PAMPAS DE HOSPITAL,1,PAMPAS DE HOSPITAL,240104
20230426,7,27202,78,1,5,5,1324764395,24,TUMBES,1,TUMBES,4,PAMPAS DE HOSPITAL,1,PAMPAS DE HOSPITAL,240104
20230426,7,27202,78,1,5,5,1324764395,24,TUMBES,1,TUMBES,4,PAMPAS DE HOSPITAL,1,PAMPAS DE HOSPITAL,240104
20230426,7,27202,89,1,5,5,1324764395,24,TUMBES,1,TUMBES,4,PAMPAS DE HOSPITAL,1,PAMPAS DE HOSPITAL,240104
20230426,7,27202,89,1,5,5,1324764395,24,TUMBES,1,TUMBES,4,PAMPAS DE HOSPITAL,1,PAMPAS DE HOSPITAL,240104
20230426,7,27202,180,1,5,5,1324764395,24,TUMBES,1,TUMBES,4,PAMPAS DE HOSPITAL,1,PAMPAS DE HOSPITAL,240104
20230426,7,27202,251,1,5,5,1324764395,24,TUMBES,1,TUMBES,4,PAMPAS DE HOSPITAL,1,PAMPAS DE HOSPITAL,240104
20230426,4,274,3,1,8,6,8440251572,24,TUMBES,1,TUMBES,4,PAMPAS DE HOSPITAL,9,BELEN,240104
20230426,4,274,7,1,8,6,8440251572,24,TUMBES,1,TUMBES,4,PAMPAS DE HOSPITAL,9,BELEN,240104
20230426,4,274,8,1,8,6,8440251572,24,TUMBES,1,TUMBES,4,PAMPAS DE HOSPITAL,9,BELEN,240104
20230426,4,274,21,1,8,6,8440251572,24,TUMBES,1,TUMBES,4,PAMPAS DE HOSPITAL,9,BELEN,240104
20230426,4,274,22,1,8,6,8440251572,24,TUMBES,1,TUMBES,4,PAMPAS DE HOSPITAL,9,BELEN,240104
20230426,4,274,88,1,8,6,8440251572,24,TUMBES,1,TUMBES,4,PAMPAS DE HOSPITAL,7,CARDALITOS,240104
20230426,4,274,89,1,8,6,8440251572,24,TUMBES,1,TUMBES,4,PAMPAS DE HOSPITAL,7,CARDALITOS,240104
20230426,4,274,89,1,8,6,8440251572,24,TUMBES,1,TUMBES,4,PAMPAS DE HOSPITAL,7,CARDALITOS,240104
20230426,4,274,90,1,8,6,8440251572,24,TUMBES,1,TUMBES,4,PAMPAS DE HOSPITAL,7,CARDALITOS,240104
20230426,4,274,93,1,8,6,8440251572,24,TUMBES,1,TUMBES,4,PAMPAS DE HOSPITAL,7,CARDALITOS,240104
20230426,4,274,93,1,8,6,8440251572,24,TUMBES,1,TUMBES,4,PAMPAS DE HOSPITAL,7,CARDALITOS,240104
20230426,4,274,93,1,8,6,8440251572,24,TUMBES,1,TUMBES,4,PAMPAS DE HOSPITAL,7,CARDALITOS,240104
20230426,4,274,95,1,8,6,8440251572,24,TUMBES,1,TUMBES,4,PAMPAS DE HOSPITAL,7,CARDALITOS,240104
20230426,4,274,95,1,8,6,8440251572,24,TUMBES,1,TUMBES,4,PAMPAS DE HOSPITAL,7,CARDALITOS,240104
20230426,4,274,97,1,8,6,8440251572,24,TUMBES,1,TUMBES,4,PAMPAS DE HOSPITAL,7,CARDALITOS,240104
20230426,4,274,100,1,8,6,8440251572,24,TUMBES,1,TUMBES,4,PAMPAS DE HOSPITAL,7,CARDALITOS,240104
20230426,4,274,102,1,8,6,8440251572,24,TUMBES,1,TUMBES,4,PAMPAS DE HOSPITAL,7,CARDALITOS,240104
20230426,11,28101,64,1,4,5,1059811516,24,TUMBES,3,ZARUMILLA,1,ZARUMILLA,1,ZARUMILLA,240301
20230426,11,28101,127,1,4,5,1059811516,24,TUMBES,3,ZARUMILLA,1,ZARUMILLA,1,ZARUMILLA,240301
20230426,11,28101,186,1,4,5,1059811516,24,TUMBES,3,ZARUMILLA,1,ZARUMILLA,1,ZARUMILLA,240301
20230426,11,28101,186,1,4,5,1059811516,24,TUMBES,3,ZARUMILLA,1,ZARUMILLA,1,ZARUMILLA,240301
20230426,11,28101,212,1,4,5,1059811516,24,TUMBES,3,ZARUMILLA,1,ZARUMILLA,1,ZARUMILLA,240301
20230426,11,28101,212,1,4,5,1059811516,24,TUMBES,3,ZARUMILLA,1,ZARUMILLA,1,ZARUMILLA,240301
20230426,11,28101,244,1,4,5,1059811516,24,TUMBES,3,ZARUMILLA,1,ZARUMILLA,1,ZARUMILLA,240301
20230426,11,28101,244,1,4,5,1059811516,24,TUMBES,3,ZARUMILLA,1,ZARUMILLA,1,ZARUMILLA,240301
20230426,11,28101,398,1,4,5,1059811516,24,TUMBES,3,ZARUMILLA,1,ZARUMILLA,1,ZARUMILLA,240301
20230426,11,28101,398,1,4,5,1059811516,24,TUMBES,3,ZARUMILLA,1,ZARUMILLA,1,ZARUMILLA,240301
20230426,11,28101,398,1,4,5,1059811516,24,TUMBES,3,ZARUMILLA,1,ZARUMILLA,1,ZARUMILLA,240301
20230426,11,28101,447,1,4,5,1059811516,24,TUMBES,3,ZARUMILLA,1,ZARUMILLA,1,ZARUMILLA,240301
20230426,11,28101,447,1,4,5,1059811516,24,TUMBES,3,ZARUMILLA,1,ZARUMILLA,1,ZARUMILLA,240301
20230426,11,28101,447,1,4,5,1059811516,24,TUMBES,3,ZARUMILLA,1,ZARUMILLA,1,ZARUMILLA,240301
20230426,11,28101,515,1,4,5,1059811516,24,TUMBES,3,ZARUMILLA,1,ZARUMILLA,1,ZARUMILLA,240301
20230426,7,289,59,1,4,4,1324764395,24,TUMBES,3,ZARUMILLA,1,ZARUMILLA,1,ZARUMILLA,240301
20230426,7,289,99,1,4,4,1324764395,24,TUMBES,3,ZARUMILLA,1,ZARUMILLA,1,ZARUMILLA,240301
20230426,7,289,99,1,4,4,1324764395,24,TUMBES,3,ZARUMILLA,1,ZARUMILLA,1,ZARUMILLA,240301
20230426,7,289,99,1,4,4,1324764395,24,TUMBES,3,ZARUMILLA,1,ZARUMILLA,1,ZARUMILLA,240301
20230426,7,289,174,1,4,4,1324764395,24,TUMBES,3,ZARUMILLA,1,ZARUMILLA,1,ZARUMILLA,240301
20230426,7,289,211,1,4,4,1324764395,24,TUMBES,3,ZARUMILLA,1,ZARUMILLA,1,ZARUMILLA,240301
20230426,7,289,211,1,4,4,1324764395,24,TUMBES,3,ZARUMILLA,1,ZARUMILLA,1,ZARUMILLA,240301
20230426,3,301,8,1,4,3,1324764395,24,TUMBES,3,ZARUMILLA,1,ZARUMILLA,1,ZARUMILLA,240301
20230426,12,302,70,1,4,4,1324764395,24,TUMBES,3,ZARUMILLA,1,ZARUMILLA,1,ZARUMILLA,240301
20230426,12,302,103,1,4,4,1324764395,24,TUMBES,3,ZARUMILLA,1,ZARUMILLA,1,ZARUMILLA,240301
20230426,12,302,103,1,4,4,1324764395,24,TUMBES,3,ZARUMILLA,1,ZARUMILLA,1,ZARUMILLA,240301
20230426,12,302,128,1,4,4,1324764395,24,TUMBES,3,ZARUMILLA,1,ZARUMILLA,1,ZARUMILLA,240301
20230426,12,302,128,1,4,4,1324764395,24,TUMBES,3,ZARUMILLA,1,ZARUMILLA,1,ZARUMILLA,240301
20230426,12,302,128,1,4,4,1324764395,24,TUMBES,3,ZARUMILLA,1,ZARUMILLA,1,ZARUMILLA,240301
20230426,12,302,128,1,4,4,1324764395,24,TUMBES,3,ZARUMILLA,1,ZARUMILLA,1,ZARUMILLA,240301
20230426,12,302,140,1,4,4,1324764395,24,TUMBES,3,ZARUMILLA,1,ZARUMILLA,1,ZARUMILLA,240301
20230426,12,302,140,1,4,4,1324764395,24,TUMBES,3,ZARUMILLA,1,ZARUMILLA,1,ZARUMILLA,240301
20230426,12,302,140,1,4,4,1324764395,24,TUMBES,3,ZARUMILLA,1,ZARUMILLA,1,ZARUMILLA,240301
20230426,3,305,18,1,4,2,1324764395,24,TUMBES,3,ZARUMILLA,1,ZARUMILLA,1,ZARUMILLA,240301
20230426,3,305,18,1,4,2,1324764395,24,TUMBES,3,ZARUMILLA,1,ZARUMILLA,1,ZARUMILLA,240301
20230426,3,305,18,1,4,2,1324764395,24,TUMBES,3,ZARUMILLA,1,ZARUMILLA,1,ZARUMILLA,240301
20230426,3,305,18,1,4,2,1324764395,24,TUMBES,3,ZARUMILLA,1,ZARUMILLA,1,ZARUMILLA,240301
20230426,3,305,34,1,4,2,1324764395,24,TUMBES,3,ZARUMILLA,1,ZARUMILLA,1,ZARUMILLA,240301
20230426,3,305,34,1,4,2,1324764395,24,TUMBES,3,ZARUMILLA,1,ZARUMILLA,1,ZARUMILLA,240301
20230426,3,305,34,1,4,2,1324764395,24,TUMBES,3,ZARUMILLA,1,ZARUMILLA,1,ZARUMILLA,240301
20230426,3,305,49,1,4,2,1324764395,24,TUMBES,3,ZARUMILLA,1,ZARUMILLA,1,ZARUMILLA,240301
20230426,3,305,107,1,4,2,1324764395,24,TUMBES,3,ZARUMILLA,1,ZARUMILLA,1,ZARUMILLA,240301
20230426,3,305,107,1,4,2,1324764395,24,TUMBES,3,ZARUMILLA,1,ZARUMILLA,1,ZARUMILLA,240301
20230426,3,305,107,1,4,2,1324764395,24,TUMBES,3,ZARUMILLA,1,ZARUMILLA,1,ZARUMILLA,240301
20230426,3,311,2,1,5,4,1324764395,24,TUMBES,3,ZARUMILLA,2,AGUAS VERDES,1,AGUAS VERDES,240302
20230426,3,311,2,1,5,4,1324764395,24,TUMBES,3,ZARUMILLA,2,AGUAS VERDES,1,AGUAS VERDES,240302
20230426,3,311,15,1,5,4,1324764395,24,TUMBES,3,ZARUMILLA,2,AGUAS VERDES,1,AGUAS VERDES,240302
20230426,3,311,21,1,5,4,1324764395,24,TUMBES,3,ZARUMILLA,2,AGUAS VERDES,1,AGUAS VERDES,240302
20230426,3,311,59,1,5,4,1324764395,24,TUMBES,3,ZARUMILLA,2,AGUAS VERDES,1,AGUAS VERDES,240302
20230426,3,311,124,1,5,4,1324764395,24,TUMBES,3,ZARUMILLA,2,AGUAS VERDES,1,AGUAS VERDES,240302
20230426,8,312,34,1,5,3,1324764395,24,TUMBES,3,ZARUMILLA,2,AGUAS VERDES,1,AGUAS VERDES,240302
20230426,8,312,54,1,5,3,1324764395,24,TUMBES,3,ZARUMILLA,2,AGUAS VERDES,1,AGUAS VERDES,240302
20230426,8,312,70,1,5,3,1324764395,24,TUMBES,3,ZARUMILLA,2,AGUAS VERDES,1,AGUAS VERDES,240302
20230426,8,312,70,1,5,3,1324764395,24,TUMBES,3,ZARUMILLA,2,AGUAS VERDES,1,AGUAS VERDES,240302
20230426,8,312,127,1,5,3,1324764395,24,TUMBES,3,ZARUMILLA,2,AGUAS VERDES,1,AGUAS VERDES,240302
20230426,8,320,13,1,5,4,1766352527,24,TUMBES,3,ZARUMILLA,2,AGUAS VERDES,2,LA CURVA,240302
20230426,8,320,13,1,5,4,1766352527,24,TUMBES,3,ZARUMILLA,2,AGUAS VERDES,2,LA CURVA,240302
20230426,8,320,32,1,5,4,1766352527,24,TUMBES,3,ZARUMILLA,2,AGUAS VERDES,2,LA CURVA,240302
20230426,8,320,64,1,5,4,1766352527,24,TUMBES,3,ZARUMILLA,2,AGUAS VERDES,2,LA CURVA,240302
20230426,8,320,64,1,5,4,1766352527,24,TUMBES,3,ZARUMILLA,2,AGUAS VERDES,2,LA CURVA,240302
20230426,8,320,64,1,5,4,1766352527,24,TUMBES,3,ZARUMILLA,2,AGUAS VERDES,2,LA CURVA,240302
20230426,8,320,88,1,5,4,1766352527,24,TUMBES,3,ZARUMILLA,2,AGUAS VERDES,2,LA CURVA,240302
20230426,8,320,88,1,5,4,1766352527,24,TUMBES,3,ZARUMILLA,2,AGUAS VERDES,2,LA CURVA,240302
20230426,8,33403,4,1,5,5,1324764395,24,TUMBES,3,ZARUMILLA,2,AGUAS VERDES,2,LA CURVA,240302
20230426,8,33403,4,1,5,5,1324764395,24,TUMBES,3,ZARUMILLA,2,AGUAS VERDES,2,LA CURVA,240302
20230426,8,33403,15,1,5,5,1324764395,24,TUMBES,3,ZARUMILLA,2,AGUAS VERDES,2,LA CURVA,240302
20230426,8,33403,57,1,5,5,1324764395,24,TUMBES,3,ZARUMILLA,2,AGUAS VERDES,2,LA CURVA,240302
20230426,8,33403,67,1,5,5,1324764395,24,TUMBES,3,ZARUMILLA,2,AGUAS VERDES,2,LA CURVA,240302
20230426,8,33403,92,1,5,5,1324764395,24,TUMBES,3,ZARUMILLA,2,AGUAS VERDES,2,LA CURVA,240302
20230426,8,33403,92,1,5,5,1324764395,24,TUMBES,3,ZARUMILLA,2,AGUAS VERDES,2,LA CURVA,240302
20230426,8,33403,105,1,5,5,1324764395,24,TUMBES,3,ZARUMILLA,2,AGUAS VERDES,2,LA CURVA,240302
20230426,12,344,12,1,5,4,1059811516,24,TUMBES,3,ZARUMILLA,4,PAPAYAL,1,PAPAYAL,240304
20230426,12,344,12,1,5,4,1059811516,24,TUMBES,3,ZARUMILLA,4,PAPAYAL,1,PAPAYAL,240304
20230426,12,344,12,1,5,4,1059811516,24,TUMBES,3,ZARUMILLA,4,PAPAYAL,1,PAPAYAL,240304
20230426,12,344,23,1,5,4,1059811516,24,TUMBES,3,ZARUMILLA,4,PAPAYAL,1,PAPAYAL,240304
20230426,12,344,34,1,5,4,1059811516,24,TUMBES,3,ZARUMILLA,4,PAPAYAL,1,PAPAYAL,240304
20230426,12,344,34,1,5,4,1059811516,24,TUMBES,3,ZARUMILLA,4,PAPAYAL,1,PAPAYAL,240304
20230426,12,344,44,1,5,4,1059811516,24,TUMBES,3,ZARUMILLA,4,PAPAYAL,1,PAPAYAL,240304
20230426,12,344,54,1,5,4,1059811516,24,TUMBES,3,ZARUMILLA,4,PAPAYAL,1,PAPAYAL,240304
20230426,12,344,97,1,5,4,1059811516,24,TUMBES,3,ZARUMILLA,4,PAPAYAL,1,PAPAYAL,240304
20230426,12,344,107,1,5,4,1059811516,24,TUMBES,3,ZARUMILLA,4,PAPAYAL,1,PAPAYAL,240304
20230426,12,352,80,1,7,6,8440251572,24,TUMBES,3,ZARUMILLA,4,PAPAYAL,10,PUEBLO NUEVO,240304
20230426,12,352,83,1,7,6,8440251572,24,TUMBES,3,ZARUMILLA,4,PAPAYAL,10,PUEBLO NUEVO,240304
20230426,12,352,84,1,7,6,8440251572,24,TUMBES,3,ZARUMILLA,4,PAPAYAL,10,PUEBLO NUEVO,240304
20230426,12,352,177,1,7,6,8440251572,24,TUMBES,3,ZARUMILLA,4,PAPAYAL,14,JOSE ABELARDO QUI,240304
20230426,12,352,178,1,7,6,8440251572,24,TUMBES,3,ZARUMILLA,4,PAPAYAL,14,JOSE ABELARDO QUI,240304
20230426,12,352,178,1,7,6,8440251572,24,TUMBES,3,ZARUMILLA,4,PAPAYAL,14,JOSE ABELARDO QUI,240304
20230426,12,352,180,1,7,6,8440251572,24,TUMBES,3,ZARUMILLA,4,PAPAYAL,14,JOSE ABELARDO QUI,240304
20230426,12,352,181,1,7,6,8440251572,24,TUMBES,3,ZARUMILLA,4,PAPAYAL,14,JOSE ABELARDO QUI,240304
20230426,12,352,181,1,7,6,8440251572,24,TUMBES,3,ZARUMILLA,4,PAPAYAL,14,JOSE ABELARDO QUI,240304
20230426,12,352,183,1,7,6,8440251572,24,TUMBES,3,ZARUMILLA,4,PAPAYAL,14,JOSE ABELARDO QUI,240304
20230426,12,352,183,1,7,6,8440251572,24,TUMBES,3,ZARUMILLA,4,PAPAYAL,14,JOSE ABELARDO QUI,240304
20230426,12,352,183,1,7,6,8440251572,24,TUMBES,3,ZARUMILLA,4,PAPAYAL,14,JOSE ABELARDO QUI,240304
20230426,12,352,186,1,7,6,8440251572,24,TUMBES,3,ZARUMILLA,4,PAPAYAL,14,JOSE ABELARDO QUI,240304
20230426,12,352,186,1,7,6,8440251572,24,TUMBES,3,ZARUMILLA,4,PAPAYAL,14,JOSE ABELARDO QUI,240304
20230426,12,352,187,1,7,6,8440251572,24,TUMBES,3,ZARUMILLA,4,PAPAYAL,14,JOSE ABELARDO QUI,240304
20230426,12,352,187,1,7,6,8440251572,24,TUMBES,3,ZARUMILLA,4,PAPAYAL,14,JOSE ABELARDO QUI,240304
20230426,12,352,187,1,7,6,8440251572,24,TUMBES,3,ZARUMILLA,4,PAPAYAL,14,JOSE ABELARDO QUI,240304
20230426,12,352,188,1,7,6,8440251572,24,TUMBES,3,ZARUMILLA,4,PAPAYAL,14,JOSE ABELARDO QUI,240304
20230426,12,352,188,1,7,6,8440251572,24,TUMBES,3,ZARUMILLA,4,PAPAYAL,14,JOSE ABELARDO QUI,240304
20230426,12,352,188,1,7,6,8440251572,24,TUMBES,3,ZARUMILLA,4,PAPAYAL,14,JOSE ABELARDO QUI,240304
20230426,10,408,9,1,3,2,4539024229,20,PIURA,7,TALARA,1,PARI,1,TALARA,200701
20230426,10,408,25,1,3,2,4539024229,20,PIURA,7,TALARA,1,PARI,1,TALARA,200701
20230426,10,408,25,1,3,2,4539024229,20,PIURA,7,TALARA,1,PARI,1,TALARA,200701
20230426,10,408,113,1,3,2,4539024229,20,PIURA,7,TALARA,1,PARI,1,TALARA,200701
20230426,7,42801,3,1,3,3,5673780286,20,PIURA,7,TALARA,1,PARI,1,TALARA,200701
20230426,7,42801,3,1,3,3,5673780286,20,PIURA,7,TALARA,1,PARI,1,TALARA,200701
20230426,7,42801,30,1,3,3,5673780286,20,PIURA,7,TALARA,1,PARI,1,TALARA,200701
20230426,7,42801,30,1,3,3,5673780286,20,PIURA,7,TALARA,1,PARI,1,TALARA,200701
20230426,7,42801,30,1,3,3,5673780286,20,PIURA,7,TALARA,1,PARI,1,TALARA,200701
20230426,7,42801,30,1,3,3,5673780286,20,PIURA,7,TALARA,1,PARI,1,TALARA,200701
20230426,7,42801,43,1,3,3,5673780286,20,PIURA,7,TALARA,1,PARI,1,TALARA,200701
20230426,7,42801,43,1,3,3,5673780286,20,PIURA,7,TALARA,1,PARI,1,TALARA,200701
20230426,7,42801,43,1,3,3,5673780286,20,PIURA,7,TALARA,1,PARI,1,TALARA,200701
20230426,7,42801,43,1,3,3,5673780286,20,PIURA,7,TALARA,1,PARI,1,TALARA,200701
20230426,7,42801,72,1,3,3,5673780286,20,PIURA,7,TALARA,1,PARI,1,TALARA,200701
20230426,7,42801,72,1,3,3,5673780286,20,PIURA,7,TALARA,1,PARI,1,TALARA,200701
20230426,7,42801,72,1,3,3,5673780286,20,PIURA,7,TALARA,1,PARI,1,TALARA,200701
20230426,7,42801,87,1,3,3,5673780286,20,PIURA,7,TALARA,1,PARI,1,TALARA,200701
20230426,7,42801,115,1,3,3,5673780286,20,PIURA,7,TALARA,1,PARI,1,TALARA,200701
20230426,7,42801,115,1,3,3,5673780286,20,PIURA,7,TALARA,1,PARI,1,TALARA,200701
20230426,7,42801,129,1,3,3,5673780286,20,PIURA,7,TALARA,1,PARI,1,TALARA,200701
20230426,7,42801,129,1,3,3,5673780286,20,PIURA,7,TALARA,1,PARI,1,TALARA,200701
20230426,7,42801,129,1,3,3,5673780286,20,PIURA,7,TALARA,1,PARI,1,TALARA,200701
20230426,7,42801,156,1,3,3,5673780286,20,PIURA,7,TALARA,1,PARI,1,TALARA,200701
20230426,11,429,4,1,3,4,5043360254,20,PIURA,7,TALARA,1,PARI,1,TALARA,200701
20230426,11,429,4,1,3,4,5043360254,20,PIURA,7,TALARA,1,PARI,1,TALARA,200701
20230426,11,429,11,1,3,4,5043360254,20,PIURA,7,TALARA,1,PARI,1,TALARA,200701
20230426,11,429,18,1,3,4,5043360254,20,PIURA,7,TALARA,1,PARI,1,TALARA,200701
20230426,11,429,18,1,3,4,5043360254,20,PIURA,7,TALARA,1,PARI,1,TALARA,200701
20230426,11,429,27,1,3,4,5043360254,20,PIURA,7,TALARA,1,PARI,1,TALARA,200701
20230426,11,429,48,1,3,4,5043360254,20,PIURA,7,TALARA,1,PARI,1,TALARA,200701
20230426,11,429,48,1,3,4,5043360254,20,PIURA,7,TALARA,1,PARI,1,TALARA,200701
20230426,11,429,55,1,3,4,5043360254,20,PIURA,7,TALARA,1,PARI,1,TALARA,200701
20230426,11,429,63,1,3,4,5043360254,20,PIURA,7,TALARA,1,PARI,1,TALARA,200701
20230426,11,429,63,1,3,4,5043360254,20,PIURA,7,TALARA,1,PARI,1,TALARA,200701
20230426,11,466,9,1,3,3,4539024229,20,PIURA,7,TALARA,1,PARI,1,TALARA,200701
20230426,11,466,23,1,3,3,4539024229,20,PIURA,7,TALARA,1,PARI,1,TALARA,200701
20230426,11,466,40,1,3,3,4539024229,20,PIURA,7,TALARA,1,PARI,1,TALARA,200701
20230426,11,466,40,1,3,3,4539024229,20,PIURA,7,TALARA,1,PARI,1,TALARA,200701
20230426,11,466,40,1,3,3,4539024229,20,PIURA,7,TALARA,1,PARI,1,TALARA,200701
20230426,11,466,70,1,3,3,4539024229,20,PIURA,7,TALARA,1,PARI,1,TALARA,200701
20230426,11,466,70,1,3,3,4539024229,20,PIURA,7,TALARA,1,PARI,1,TALARA,200701
20230426,11,466,87,1,3,3,4539024229,20,PIURA,7,TALARA,1,PARI,1,TALARA,200701
20230426,11,466,110,1,3,3,4539024229,20,PIURA,7,TALARA,1,PARI,1,TALARA,200701
20230426,11,466,110,1,3,3,4539024229,20,PIURA,7,TALARA,1,PARI,1,TALARA,200701
20230426,11,466,110,1,3,3,4539024229,20,PIURA,7,TALARA,1,PARI,1,TALARA,200701
20230426,11,466,110,1,3,3,4539024229,20,PIURA,7,TALARA,1,PARI,1,TALARA,200701
20230426,11,466,139,1,3,3,4539024229,20,PIURA,7,TALARA,1,PARI,1,TALARA,200701
20230426,2,535,31,1,5,2,5673780286,20,PIURA,7,TALARA,5,LOS ORGANOS,1,LOS ORGANOS,200705
20230426,2,535,41,1,5,2,5673780286,20,PIURA,7,TALARA,5,LOS ORGANOS,1,LOS ORGANOS,200705
20230426,2,535,41,1,5,2,5673780286,20,PIURA,7,TALARA,5,LOS ORGANOS,1,LOS ORGANOS,200705
20230426,2,535,41,1,5,2,5673780286,20,PIURA,7,TALARA,5,LOS ORGANOS,1,LOS ORGANOS,200705
20230426,2,535,84,1,5,2,5673780286,20,PIURA,7,TALARA,5,LOS ORGANOS,1,LOS ORGANOS,200705
20230426,2,535,84,1,5,2,5673780286,20,PIURA,7,TALARA,5,LOS ORGANOS,1,LOS ORGANOS,200705
20230426,2,535,84,1,5,2,5673780286,20,PIURA,7,TALARA,5,LOS ORGANOS,1,LOS ORGANOS,200705
20230426,2,535,84,1,5,2,5673780286,20,PIURA,7,TALARA,5,LOS ORGANOS,1,LOS ORGANOS,200705
20230426,2,535,107,1,5,2,5673780286,20,PIURA,7,TALARA,5,LOS ORGANOS,1,LOS ORGANOS,200705
20230426,2,535,107,1,5,2,5673780286,20,PIURA,7,TALARA,5,LOS ORGANOS,1,LOS ORGANOS,200705
20230426,2,535,107,1,5,2,5673780286,20,PIURA,7,TALARA,5,LOS ORGANOS,1,LOS ORGANOS,200705
20230426,2,535,117,1,5,2,5673780286,20,PIURA,7,TALARA,5,LOS ORGANOS,1,LOS ORGANOS,200705
20230426,2,539,10,1,5,3,5673780286,20,PIURA,7,TALARA,5,LOS ORGANOS,1,LOS ORGANOS,200705
20230426,2,539,10,1,5,3,5673780286,20,PIURA,7,TALARA,5,LOS ORGANOS,1,LOS ORGANOS,200705
20230426,2,539,34,1,5,3,5673780286,20,PIURA,7,TALARA,5,LOS ORGANOS,1,LOS ORGANOS,200705
20230426,2,539,34,1,5,3,5673780286,20,PIURA,7,TALARA,5,LOS ORGANOS,1,LOS ORGANOS,200705
20230426,2,539,51,1,5,3,5673780286,20,PIURA,7,TALARA,5,LOS ORGANOS,1,LOS ORGANOS,200705
20230426,2,539,51,1,5,3,5673780286,20,PIURA,7,TALARA,5,LOS ORGANOS,1,LOS ORGANOS,200705
20230426,2,539,104,1,5,3,5673780286,20,PIURA,7,TALARA,5,LOS ORGANOS,1,LOS ORGANOS,200705
20230426,2,539,104,1,5,3,5673780286,20,PIURA,7,TALARA,5,LOS ORGANOS,1,LOS ORGANOS,200705
20230426,2,539,118,1,5,3,5673780286,20,PIURA,7,TALARA,5,LOS ORGANOS,1,LOS ORGANOS,200705
20230426,2,539,118,1,5,3,5673780286,20,PIURA,7,TALARA,5,LOS ORGANOS,1,LOS ORGANOS,200705
20230426,2,539,136,1,5,3,5673780286,20,PIURA,7,TALARA,5,LOS ORGANOS,1,LOS ORGANOS,200705
20230426,6,570,2,1,3,3,5673780286,20,PIURA,5,PAITA,1,PAITA,1,PAITA,200501
20230426,6,570,2,1,3,3,5673780286,20,PIURA,5,PAITA,1,PAITA,1,PAITA,200501
20230426,6,570,2,1,3,3,5673780286,20,PIURA,5,PAITA,1,PAITA,1,PAITA,200501
20230426,6,570,2,1,3,3,5673780286,20,PIURA,5,PAITA,1,PAITA,1,PAITA,200501
20230426,6,570,29,1,3,3,5673780286,20,PIURA,5,PAITA,1,PAITA,1,PAITA,200501
20230426,6,570,33,1,3,3,5673780286,20,PIURA,5,PAITA,1,PAITA,1,PAITA,200501
20230426,6,570,60,1,3,3,5673780286,20,PIURA,5,PAITA,1,PAITA,1,PAITA,200501
20230426,6,570,60,1,3,3,5673780286,20,PIURA,5,PAITA,1,PAITA,1,PAITA,200501
20230426,6,570,68,1,3,3,5673780286,20,PIURA,5,PAITA,1,PAITA,1,PAITA,200501
20230426,6,570,68,1,3,3,5673780286,20,PIURA,5,PAITA,1,PAITA,1,PAITA,200501
20230426,6,570,89,1,3,3,5673780286,20,PIURA,5,PAITA,1,PAITA,1,PAITA,200501
20230426,6,570,89,1,3,3,5673780286,20,PIURA,5,PAITA,1,PAITA,1,PAITA,200501
20230426,6,570,98,1,3,3,5673780286,20,PIURA,5,PAITA,1,PAITA,1,PAITA,200501
20230426,6,570,98,1,3,3,5673780286,20,PIURA,5,PAITA,1,PAITA,1,PAITA,200501
20230426,6,570,98,1,3,3,5673780286,20,PIURA,5,PAITA,1,PAITA,1,PAITA,200501
20230426,6,570,98,1,3,3,5673780286,20,PIURA,5,PAITA,1,PAITA,1,PAITA,200501
20230426,6,570,113,1,3,3,5673780286,20,PIURA,5,PAITA,1,PAITA,1,PAITA,200501
20230426,6,570,113,1,3,3,5673780286,20,PIURA,5,PAITA,1,PAITA,1,PAITA,200501
20230426,11,574,25,1,3,4,4539024229,20,PIURA,5,PAITA,1,PAITA,1,PAITA,200501
20230426,11,574,40,1,3,4,4539024229,20,PIURA,5,PAITA,1,PAITA,1,PAITA,200501
20230426,11,574,40,1,3,4,4539024229,20,PIURA,5,PAITA,1,PAITA,1,PAITA,200501
20230426,11,574,40,1,3,4,4539024229,20,PIURA,5,PAITA,1,PAITA,1,PAITA,200501
20230426,11,574,40,1,3,4,4539024229,20,PIURA,5,PAITA,1,PAITA,1,PAITA,200501
20230426,11,574,40,1,3,4,4539024229,20,PIURA,5,PAITA,1,PAITA,1,PAITA,200501
20230426,11,574,40,1,3,4,4539024229,20,PIURA,5,PAITA,1,PAITA,1,PAITA,200501
20230426,11,574,79,1,3,4,4539024229,20,PIURA,5,PAITA,1,PAITA,1,PAITA,200501
20230426,11,574,93,1,3,4,4539024229,20,PIURA,5,PAITA,1,PAITA,1,PAITA,200501
20230426,11,574,93,1,3,4,4539024229,20,PIURA,5,PAITA,1,PAITA,1,PAITA,200501
20230426,11,574,93,1,3,4,4539024229,20,PIURA,5,PAITA,1,PAITA,1,PAITA,200501
20230426,4,624,11,1,3,4,5673780286,20,PIURA,5,PAITA,1,PAITA,1,PAITA,200501
20230426,4,624,11,1,3,4,5673780286,20,PIURA,5,PAITA,1,PAITA,1,PAITA,200501
20230426,4,624,11,1,3,4,5673780286,20,PIURA,5,PAITA,1,PAITA,1,PAITA,200501
20230426,4,624,11,1,3,4,5673780286,20,PIURA,5,PAITA,1,PAITA,1,PAITA,200501
20230426,4,624,37,1,3,4,5673780286,20,PIURA,5,PAITA,1,PAITA,1,PAITA,200501
20230426,4,624,37,1,3,4,5673780286,20,PIURA,5,PAITA,1,PAITA,1,PAITA,200501
20230426,4,624,37,1,3,4,5673780286,20,PIURA,5,PAITA,1,PAITA,1,PAITA,200501
20230426,4,624,50,1,3,4,5673780286,20,PIURA,5,PAITA,1,PAITA,1,PAITA,200501
20230426,4,624,50,1,3,4,5673780286,20,PIURA,5,PAITA,1,PAITA,1,PAITA,200501
20230426,4,624,79,1,3,4,5673780286,20,PIURA,5,PAITA,1,PAITA,1,PAITA,200501
20230426,4,624,79,1,3,4,5673780286,20,PIURA,5,PAITA,1,PAITA,1,PAITA,200501
20230426,4,624,97,1,3,4,5673780286,20,PIURA,5,PAITA,1,PAITA,1,PAITA,200501
20230426,4,624,97,1,3,4,5673780286,20,PIURA,5,PAITA,1,PAITA,1,PAITA,200501
20230426,4,624,123,1,3,4,5673780286,20,PIURA,5,PAITA,1,PAITA,1,PAITA,200501
20230426,4,624,136,1,3,4,5673780286,20,PIURA,5,PAITA,1,PAITA,1,PAITA,200501
20230426,4,624,163,1,3,4,5673780286,20,PIURA,5,PAITA,1,PAITA,1,PAITA,200501
20230426,4,624,163,1,3,4,5673780286,20,PIURA,5,PAITA,1,PAITA,1,PAITA,200501
20230426,4,624,163,1,3,4,5673780286,20,PIURA,5,PAITA,1,PAITA,1,PAITA,200501
20230426,11,629,29,1,3,3,4539024229,20,PIURA,5,PAITA,1,PAITA,1,PAITA,200501
20230426,11,629,37,1,3,3,4539024229,20,PIURA,5,PAITA,1,PAITA,1,PAITA,200501
20230426,11,629,37,1,3,3,4539024229,20,PIURA,5,PAITA,1,PAITA,1,PAITA,200501
20230426,11,629,66,1,3,3,4539024229,20,PIURA,5,PAITA,1,PAITA,1,PAITA,200501
20230426,11,629,66,1,3,3,4539024229,20,PIURA,5,PAITA,1,PAITA,1,PAITA,200501
20230426,11,629,66,1,3,3,4539024229,20,PIURA,5,PAITA,1,PAITA,1,PAITA,200501
20230426,11,629,66,1,3,3,4539024229,20,PIURA,5,PAITA,1,PAITA,1,PAITA,200501
20230426,11,629,66,1,3,3,4539024229,20,PIURA,5,PAITA,1,PAITA,1,PAITA,200501
20230426,11,629,111,1,3,3,4539024229,20,PIURA,5,PAITA,1,PAITA,1,PAITA,200501
20230426,11,629,111,1,3,3,4539024229,20,PIURA,5,PAITA,1,PAITA,1,PAITA,200501
20230426,4,680,58,1,3,5,5673780286,20,PIURA,5,PAITA,1,PAITA,5,LA TORTUGA,200501
20230426,4,680,58,1,3,5,5673780286,20,PIURA,5,PAITA,1,PAITA,5,LA TORTUGA,200501
20230426,4,680,147,1,3,5,5673780286,20,PIURA,5,PAITA,1,PAITA,5,LA TORTUGA,200501
20230426,4,680,147,1,3,5,5673780286,20,PIURA,5,PAITA,1,PAITA,5,LA TORTUGA,200501
20230426,4,680,147,1,3,5,5673780286,20,PIURA,5,PAITA,1,PAITA,5,LA TORTUGA,200501
20230426,4,680,147,1,3,5,5673780286,20,PIURA,5,PAITA,1,PAITA,5,LA TORTUGA,200501
20230426,4,680,147,1,3,5,5673780286,20,PIURA,5,PAITA,1,PAITA,5,LA TORTUGA,200501
20230426,4,680,147,1,3,5,5673780286,20,PIURA,5,PAITA,1,PAITA,5,LA TORTUGA,200501
20230426,4,680,147,1,3,5,5673780286,20,PIURA,5,PAITA,1,PAITA,5,LA TORTUGA,200501
20230426,4,680,147,1,3,5,5673780286,20,PIURA,5,PAITA,1,PAITA,5,LA TORTUGA,200501
20230426,4,680,168,1,3,5,5673780286,20,PIURA,5,PAITA,1,PAITA,5,LA TORTUGA,200501
20230426,4,680,198,1,3,5,5673780286,20,PIURA,5,PAITA,1,PAITA,5,LA TORTUGA,200501
20230426,9,699,56,1,5,5,4539024229,20,PIURA,5,PAITA,6,TAMARINDO,1,TAMARINDO,200506
20230426,9,699,56,1,5,5,4539024229,20,PIURA,5,PAITA,6,TAMARINDO,1,TAMARINDO,200506
20230426,9,699,80,1,5,5,4539024229,20,PIURA,5,PAITA,6,TAMARINDO,1,TAMARINDO,200506
20230426,9,699,80,1,5,5,4539024229,20,PIURA,5,PAITA,6,TAMARINDO,1,TAMARINDO,200506
20230426,9,699,92,1,5,5,4539024229,20,PIURA,5,PAITA,6,TAMARINDO,1,TAMARINDO,200506
20230426,9,699,92,1,5,5,4539024229,20,PIURA,5,PAITA,6,TAMARINDO,1,TAMARINDO,200506
20230426,9,699,105,1,5,5,4539024229,20,PIURA,5,PAITA,6,TAMARINDO,1,TAMARINDO,200506
20230426,9,699,123,1,5,5,4539024229,20,PIURA,5,PAITA,6,TAMARINDO,1,TAMARINDO,200506
20230426,9,699,149,1,5,5,4539024229,20,PIURA,5,PAITA,6,TAMARINDO,1,TAMARINDO,200506
20230426,9,699,149,1,5,5,4539024229,20,PIURA,5,PAITA,6,TAMARINDO,1,TAMARINDO,200506
20230426,9,699,149,1,5,5,4539024229,20,PIURA,5,PAITA,6,TAMARINDO,1,TAMARINDO,200506
20230426,2,70901,12,1,5,4,5673780286,20,PIURA,5,PAITA,5,LA HUACA,1,LA HUACA,200505
20230426,2,70901,37,1,5,4,5673780286,20,PIURA,5,PAITA,5,LA HUACA,1,LA HUACA,200505
20230426,2,70901,37,1,5,4,5673780286,20,PIURA,5,PAITA,5,LA HUACA,1,LA HUACA,200505
20230426,2,70901,37,1,5,4,5673780286,20,PIURA,5,PAITA,5,LA HUACA,1,LA HUACA,200505
20230426,2,70901,62,1,5,4,5673780286,20,PIURA,5,PAITA,5,LA HUACA,1,LA HUACA,200505
20230426,2,70901,93,1,5,4,5673780286,20,PIURA,5,PAITA,5,LA HUACA,1,LA HUACA,200505
20230426,2,70901,93,1,5,4,5673780286,20,PIURA,5,PAITA,5,LA HUACA,1,LA HUACA,200505
20230426,2,70901,93,1,5,4,5673780286,20,PIURA,5,PAITA,5,LA HUACA,1,LA HUACA,200505
20230426,2,70901,112,1,5,4,5673780286,20,PIURA,5,PAITA,5,LA HUACA,1,LA HUACA,200505
20230426,2,70901,112,1,5,4,5673780286,20,PIURA,5,PAITA,5,LA HUACA,1,LA HUACA,200505
20230426,2,70901,127,1,5,4,5673780286,20,PIURA,5,PAITA,5,LA HUACA,1,LA HUACA,200505
20230426,2,70901,127,1,5,4,5673780286,20,PIURA,5,PAITA,5,LA HUACA,1,LA HUACA,200505
20230426,5,783,8,1,2,3,5673780286,20,PIURA,6,SULLANA,2,BELLAVISTA,1,BELLAVISTA,200602
20230426,5,783,22,1,2,3,5673780286,20,PIURA,6,SULLANA,2,BELLAVISTA,1,BELLAVISTA,200602
20230426,5,783,36,1,2,3,5673780286,20,PIURA,6,SULLANA,2,BELLAVISTA,1,BELLAVISTA,200602
20230426,5,783,36,1,2,3,5673780286,20,PIURA,6,SULLANA,2,BELLAVISTA,1,BELLAVISTA,200602
20230426,5,783,36,1,2,3,5673780286,20,PIURA,6,SULLANA,2,BELLAVISTA,1,BELLAVISTA,200602
20230426,5,783,49,1,2,3,5673780286,20,PIURA,6,SULLANA,2,BELLAVISTA,1,BELLAVISTA,200602
20230426,5,783,78,1,2,3,5673780286,20,PIURA,6,SULLANA,2,BELLAVISTA,1,BELLAVISTA,200602
20230426,5,783,78,1,2,3,5673780286,20,PIURA,6,SULLANA,2,BELLAVISTA,1,BELLAVISTA,200602
20230426,5,783,78,1,2,3,5673780286,20,PIURA,6,SULLANA,2,BELLAVISTA,1,BELLAVISTA,200602
20230426,5,783,118,1,2,3,5673780286,20,PIURA,6,SULLANA,2,BELLAVISTA,1,BELLAVISTA,200602
20230426,6,813,5,1,2,2,5673780286,20,PIURA,6,SULLANA,1,SULLANA,1,SULLANA,200601
20230426,6,813,36,1,2,2,5673780286,20,PIURA,6,SULLANA,1,SULLANA,1,SULLANA,200601
20230426,6,813,36,1,2,2,5673780286,20,PIURA,6,SULLANA,1,SULLANA,1,SULLANA,200601
20230426,6,813,80,1,2,2,5673780286,20,PIURA,6,SULLANA,1,SULLANA,1,SULLANA,200601
20230426,6,813,80,1,2,2,5673780286,20,PIURA,6,SULLANA,1,SULLANA,1,SULLANA,200601
20230426,6,813,96,1,2,2,5673780286,20,PIURA,6,SULLANA,1,SULLANA,1,SULLANA,200601
20230426,6,813,96,1,2,2,5673780286,20,PIURA,6,SULLANA,1,SULLANA,1,SULLANA,200601
20230426,6,813,140,1,2,2,5673780286,20,PIURA,6,SULLANA,1,SULLANA,1,SULLANA,200601
20230426,6,813,140,1,2,2,5673780286,20,PIURA,6,SULLANA,1,SULLANA,1,SULLANA,200601
20230426,8,866,3,1,2,3,5673780286,20,PIURA,6,SULLANA,1,SULLANA,1,SULLANA,200601
20230426,8,866,26,1,2,3,5673780286,20,PIURA,6,SULLANA,1,SULLANA,1,SULLANA,200601
20230426,8,866,79,1,2,3,5673780286,20,PIURA,6,SULLANA,1,SULLANA,1,SULLANA,200601
20230426,8,866,105,1,2,3,5673780286,20,PIURA,6,SULLANA,1,SULLANA,1,SULLANA,200601
20230426,8,866,125,1,2,3,5673780286,20,PIURA,6,SULLANA,1,SULLANA,1,SULLANA,200601
20230426,8,888,22,1,2,2,5673780286,20,PIURA,6,SULLANA,1,SULLANA,1,SULLANA,200601
20230426,8,888,22,1,2,2,5673780286,20,PIURA,6,SULLANA,1,SULLANA,1,SULLANA,200601
20230426,8,888,155,1,2,2,5673780286,20,PIURA,6,SULLANA,1,SULLANA,1,SULLANA,200601
20230426,8,888,205,1,2,2,5673780286,20,PIURA,6,SULLANA,1,SULLANA,1,SULLANA,200601
20230426,6,900,9,1,2,1,5673780286,20,PIURA,6,SULLANA,1,SULLANA,1,SULLANA,200601
20230426,6,900,9,1,2,1,5673780286,20,PIURA,6,SULLANA,1,SULLANA,1,SULLANA,200601
20230426,6,900,9,1,2,1,5673780286,20,PIURA,6,SULLANA,1,SULLANA,1,SULLANA,200601
20230426,6,900,42,1,2,1,5673780286,20,PIURA,6,SULLANA,1,SULLANA,1,SULLANA,200601
20230426,6,900,42,1,2,1,5673780286,20,PIURA,6,SULLANA,1,SULLANA,1,SULLANA,200601
20230426,6,900,70,1,2,1,5673780286,20,PIURA,6,SULLANA,1,SULLANA,1,SULLANA,200601
20230426,6,900,70,1,2,1,5673780286,20,PIURA,6,SULLANA,1,SULLANA,1,SULLANA,200601
20230426,6,900,98,1,2,1,5673780286,20,PIURA,6,SULLANA,1,SULLANA,1,SULLANA,200601
20230426,6,900,98,1,2,1,5673780286,20,PIURA,6,SULLANA,1,SULLANA,1,SULLANA,200601
20230426,6,900,190,1,2,1,5673780286,20,PIURA,6,SULLANA,1,SULLANA,1,SULLANA,200601
20230426,6,900,254,1,2,1,5673780286,20,PIURA,6,SULLANA,1,SULLANA,1,SULLANA,200601
20230426,6,900,282,1,2,1,5673780286,20,PIURA,6,SULLANA,1,SULLANA,1,SULLANA,200601
20230426,6,900,282,1,2,1,5673780286,20,PIURA,6,SULLANA,1,SULLANA,1,SULLANA,200601
20230426,6,900,282,1,2,1,5673780286,20,PIURA,6,SULLANA,1,SULLANA,1,SULLANA,200601
20230426,6,900,282,1,2,1,5673780286,20,PIURA,6,SULLANA,1,SULLANA,1,SULLANA,200601
20230426,6,900,282,1,2,1,5673780286,20,PIURA,6,SULLANA,1,SULLANA,1,SULLANA,200601
20230426,2,909,116,1,2,3,5673780286,20,PIURA,6,SULLANA,1,SULLANA,1,SULLANA,200601
20230426,2,909,129,1,2,3,5673780286,20,PIURA,6,SULLANA,1,SULLANA,1,SULLANA,200601
20230426,8,925,27,1,2,4,5673780286,20,PIURA,6,SULLANA,1,SULLANA,1,SULLANA,200601
20230426,8,925,27,1,2,4,5673780286,20,PIURA,6,SULLANA,1,SULLANA,1,SULLANA,200601
20230426,8,925,27,1,2,4,5673780286,20,PIURA,6,SULLANA,1,SULLANA,1,SULLANA,200601
20230426,8,925,27,1,2,4,5673780286,20,PIURA,6,SULLANA,1,SULLANA,1,SULLANA,200601
20230426,8,925,27,1,2,4,5673780286,20,PIURA,6,SULLANA,1,SULLANA,1,SULLANA,200601
20230426,8,925,52,1,2,4,5673780286,20,PIURA,6,SULLANA,1,SULLANA,1,SULLANA,200601
20230426,8,925,72,1,2,4,5673780286,20,PIURA,6,SULLANA,1,SULLANA,1,SULLANA,200601
20230426,8,925,72,1,2,4,5673780286,20,PIURA,6,SULLANA,1,SULLANA,1,SULLANA,200601
20230426,8,925,106,1,2,4,5673780286,20,PIURA,6,SULLANA,1,SULLANA,1,SULLANA,200601
20230426,8,925,106,1,2,4,5673780286,20,PIURA,6,SULLANA,1,SULLANA,1,SULLANA,200601
20230426,8,925,127,1,2,4,5673780286,20,PIURA,6,SULLANA,1,SULLANA,1,SULLANA,200601
20230426,8,925,206,1,2,4,5673780286,20,PIURA,6,SULLANA,1,SULLANA,1,SULLANA,200601
20230426,8,925,206,1,2,4,5673780286,20,PIURA,6,SULLANA,1,SULLANA,1,SULLANA,200601
20230426,8,925,228,1,2,4,5673780286,20,PIURA,6,SULLANA,1,SULLANA,1,SULLANA,200601
20230426,8,925,228,1,2,4,5673780286,20,PIURA,6,SULLANA,1,SULLANA,1,SULLANA,200601
20230426,8,925,228,1,2,4,5673780286,20,PIURA,6,SULLANA,1,SULLANA,1,SULLANA,200601
20230426,6,1001,4,1,2,3,5673780286,20,PIURA,6,SULLANA,1,SULLANA,28,NUEVO SULLANA,200601
20230426,6,1001,4,1,2,3,5673780286,20,PIURA,6,SULLANA,1,SULLANA,28,NUEVO SULLANA,200601
20230426,6,1001,34,1,2,3,5673780286,20,PIURA,6,SULLANA,1,SULLANA,28,NUEVO SULLANA,200601
20230426,6,1001,34,1,2,3,5673780286,20,PIURA,6,SULLANA,1,SULLANA,28,NUEVO SULLANA,200601
20230426,6,1001,34,1,2,3,5673780286,20,PIURA,6,SULLANA,1,SULLANA,28,NUEVO SULLANA,200601
20230426,6,1001,80,1,2,3,5673780286,20,PIURA,6,SULLANA,1,SULLANA,28,NUEVO SULLANA,200601
20230426,6,1001,80,1,2,3,5673780286,20,PIURA,6,SULLANA,1,SULLANA,28,NUEVO SULLANA,200601
20230426,6,1001,95,1,2,3,5673780286,20,PIURA,6,SULLANA,1,SULLANA,28,NUEVO SULLANA,200601
20230426,6,1001,95,1,2,3,5673780286,20,PIURA,6,SULLANA,1,SULLANA,28,NUEVO SULLANA,200601
20230426,6,1001,95,1,2,3,5673780286,20,PIURA,6,SULLANA,1,SULLANA,28,NUEVO SULLANA,200601
20230426,6,1001,95,1,2,3,5673780286,20,PIURA,6,SULLANA,1,SULLANA,28,NUEVO SULLANA,200601
20230426,6,1001,142,1,2,3,5673780286,20,PIURA,6,SULLANA,1,SULLANA,28,NUEVO SULLANA,200601
20230426,6,1001,173,1,2,3,5673780286,20,PIURA,6,SULLANA,1,SULLANA,28,NUEVO SULLANA,200601
20230426,6,1001,173,1,2,3,5673780286,20,PIURA,6,SULLANA,1,SULLANA,28,NUEVO SULLANA,200601
20230426,6,1001,173,1,2,3,5673780286,20,PIURA,6,SULLANA,1,SULLANA,28,NUEVO SULLANA,200601
20230426,2,1004,13,1,2,4,5673780286,20,PIURA,6,SULLANA,1,SULLANA,28,NUEVO SULLANA,200601
20230426,2,1004,13,1,2,4,5673780286,20,PIURA,6,SULLANA,1,SULLANA,28,NUEVO SULLANA,200601
20230426,2,1004,31,1,2,4,5673780286,20,PIURA,6,SULLANA,1,SULLANA,28,NUEVO SULLANA,200601
20230426,2,1004,31,1,2,4,5673780286,20,PIURA,6,SULLANA,1,SULLANA,28,NUEVO SULLANA,200601
20230426,2,1004,31,1,2,4,5673780286,20,PIURA,6,SULLANA,1,SULLANA,28,NUEVO SULLANA,200601
20230426,2,1004,49,1,2,4,5673780286,20,PIURA,6,SULLANA,1,SULLANA,28,NUEVO SULLANA,200601
20230426,2,1004,49,1,2,4,5673780286,20,PIURA,6,SULLANA,1,SULLANA,28,NUEVO SULLANA,200601
20230426,2,1004,58,1,2,4,5673780286,20,PIURA,6,SULLANA,1,SULLANA,28,NUEVO SULLANA,200601
20230426,2,1004,58,1,2,4,5673780286,20,PIURA,6,SULLANA,1,SULLANA,28,NUEVO SULLANA,200601
20230426,2,1004,81,1,2,4,5673780286,20,PIURA,6,SULLANA,1,SULLANA,28,NUEVO SULLANA,200601
20230426,2,1004,117,1,2,4,5673780286,20,PIURA,6,SULLANA,1,SULLANA,28,NUEVO SULLANA,200601
20230426,2,1004,117,1,2,4,5673780286,20,PIURA,6,SULLANA,1,SULLANA,28,NUEVO SULLANA,200601
20230426,2,1004,132,1,2,4,5673780286,20,PIURA,6,SULLANA,1,SULLANA,28,NUEVO SULLANA,200601
20230426,2,1004,132,1,2,4,5673780286,20,PIURA,6,SULLANA,1,SULLANA,28,NUEVO SULLANA,200601
20230426,2,1004,159,1,2,4,5673780286,20,PIURA,6,SULLANA,1,SULLANA,28,NUEVO SULLANA,200601
20230426,2,1004,159,1,2,4,5673780286,20,PIURA,6,SULLANA,1,SULLANA,28,NUEVO SULLANA,200601
20230426,4,1031,65,1,4,3,5673780286,20,PIURA,6,SULLANA,7,QUERECOTILLO,1,QUERECOTILLO,200607
20230426,4,1031,65,1,4,3,5673780286,20,PIURA,6,SULLANA,7,QUERECOTILLO,1,QUERECOTILLO,200607
20230426,4,1031,171,1,4,3,5673780286,20,PIURA,6,SULLANA,7,QUERECOTILLO,1,QUERECOTILLO,200607
20230426,4,1031,171,1,4,3,5673780286,20,PIURA,6,SULLANA,7,QUERECOTILLO,1,QUERECOTILLO,200607
20230426,4,1031,171,1,4,3,5673780286,20,PIURA,6,SULLANA,7,QUERECOTILLO,1,QUERECOTILLO,200607
20230426,4,1031,219,1,4,3,5673780286,20,PIURA,6,SULLANA,7,QUERECOTILLO,1,QUERECOTILLO,200607
20230426,4,1031,219,1,4,3,5673780286,20,PIURA,6,SULLANA,7,QUERECOTILLO,1,QUERECOTILLO,200607
20230426,4,1031,296,1,4,3,5673780286,20,PIURA,6,SULLANA,7,QUERECOTILLO,1,QUERECOTILLO,200607
20230426,4,1031,296,1,4,3,5673780286,20,PIURA,6,SULLANA,7,QUERECOTILLO,1,QUERECOTILLO,200607
20230426,4,1031,296,1,4,3,5673780286,20,PIURA,6,SULLANA,7,QUERECOTILLO,1,QUERECOTILLO,200607
20230426,4,1031,296,1,4,3,5673780286,20,PIURA,6,SULLANA,7,QUERECOTILLO,1,QUERECOTILLO,200607
20230426,2,108001,17,1,4,4,5673780286,20,PIURA,6,SULLANA,5,MARCAVELICA,51,MALLARITOS,200605
20230426,2,108001,17,1,4,4,5673780286,20,PIURA,6,SULLANA,5,MARCAVELICA,51,MALLARITOS,200605
20230426,2,108001,17,1,4,4,5673780286,20,PIURA,6,SULLANA,5,MARCAVELICA,51,MALLARITOS,200605
20230426,2,108001,17,1,4,4,5673780286,20,PIURA,6,SULLANA,5,MARCAVELICA,51,MALLARITOS,200605
20230426,2,108001,37,1,4,4,5673780286,20,PIURA,6,SULLANA,5,MARCAVELICA,51,MALLARITOS,200605
20230426,2,108001,37,1,4,4,5673780286,20,PIURA,6,SULLANA,5,MARCAVELICA,51,MALLARITOS,200605
20230426,2,108001,37,1,4,4,5673780286,20,PIURA,6,SULLANA,5,MARCAVELICA,51,MALLARITOS,200605
20230426,2,108001,63,1,4,4,5673780286,20,PIURA,6,SULLANA,5,MARCAVELICA,51,MALLARITOS,200605
20230426,2,108001,63,1,4,4,5673780286,20,PIURA,6,SULLANA,5,MARCAVELICA,51,MALLARITOS,200605
20230426,2,108001,79,1,4,4,5673780286,20,PIURA,6,SULLANA,5,MARCAVELICA,51,MALLARITOS,200605
20230426,2,108001,79,1,4,4,5673780286,20,PIURA,6,SULLANA,5,MARCAVELICA,51,MALLARITOS,200605
20230426,2,108001,79,1,4,4,5673780286,20,PIURA,6,SULLANA,5,MARCAVELICA,51,MALLARITOS,200605
20230426,2,108001,105,1,4,4,5673780286,20,PIURA,6,SULLANA,5,MARCAVELICA,51,MALLARITOS,200605
20230426,2,108001,121,1,4,4,5673780286,20,PIURA,6,SULLANA,5,MARCAVELICA,51,MALLARITOS,200605
20230426,2,108001,121,1,4,4,5673780286,20,PIURA,6,SULLANA,5,MARCAVELICA,51,MALLARITOS,200605
20230426,2,108001,121,1,4,4,5673780286,20,PIURA,6,SULLANA,5,MARCAVELICA,51,MALLARITOS,200605
20230426,2,1097,77,1,4,5,5673780286,20,PIURA,6,SULLANA,5,MARCAVELICA,56,SAN MIGUEL DE TANGARARA,200605
20230426,2,1097,77,1,4,5,5673780286,20,PIURA,6,SULLANA,5,MARCAVELICA,56,SAN MIGUEL DE TANGARARA,200605
20230426,2,1097,77,1,4,5,5673780286,20,PIURA,6,SULLANA,5,MARCAVELICA,56,SAN MIGUEL DE TANGARARA,200605
20230426,2,1097,77,1,4,5,5673780286,20,PIURA,6,SULLANA,5,MARCAVELICA,56,SAN MIGUEL DE TANGARARA,200605
20230426,2,1097,77,1,4,5,5673780286,20,PIURA,6,SULLANA,5,MARCAVELICA,56,SAN MIGUEL DE TANGARARA,200605
20230426,2,1097,103,1,4,5,5673780286,20,PIURA,6,SULLANA,5,MARCAVELICA,56,SAN MIGUEL DE TANGARARA,200605
20230426,2,1097,125,1,4,5,5673780286,20,PIURA,6,SULLANA,5,MARCAVELICA,56,SAN MIGUEL DE TANGARARA,200605
20230426,2,1097,125,1,4,5,5673780286,20,PIURA,6,SULLANA,5,MARCAVELICA,56,SAN MIGUEL DE TANGARARA,200605
20230426,2,1097,186,1,4,5,5673780286,20,PIURA,6,SULLANA,5,MARCAVELICA,56,SAN MIGUEL DE TANGARARA,200605
20230426,2,1097,186,1,4,5,5673780286,20,PIURA,6,SULLANA,5,MARCAVELICA,56,SAN MIGUEL DE TANGARARA,200605
20230426,2,1097,186,1,4,5,5673780286,20,PIURA,6,SULLANA,5,MARCAVELICA,56,SAN MIGUEL DE TANGARARA,200605
20230426,2,1097,244,1,4,5,5673780286,20,PIURA,6,SULLANA,5,MARCAVELICA,56,SAN MIGUEL DE TANGARARA,200605
20230426,2,1097,244,1,4,5,5673780286,20,PIURA,6,SULLANA,5,MARCAVELICA,56,SAN MIGUEL DE TANGARARA,200605
20230426,2,1097,244,1,4,5,5673780286,20,PIURA,6,SULLANA,5,MARCAVELICA,56,SAN MIGUEL DE TANGARARA,200605
20230426,6,110901,23,1,4,4,5673780286,20,PIURA,6,SULLANA,5,MARCAVELICA,48,MALLARES,200605
20230426,6,110901,23,1,4,4,5673780286,20,PIURA,6,SULLANA,5,MARCAVELICA,48,MALLARES,200605
20230426,6,110901,23,1,4,4,5673780286,20,PIURA,6,SULLANA,5,MARCAVELICA,48,MALLARES,200605
20230426,6,110901,23,1,4,4,5673780286,20,PIURA,6,SULLANA,5,MARCAVELICA,48,MALLARES,200605
20230426,6,110901,49,1,4,4,5673780286,20,PIURA,6,SULLANA,5,MARCAVELICA,48,MALLARES,200605
20230426,6,110901,49,1,4,4,5673780286,20,PIURA,6,SULLANA,5,MARCAVELICA,48,MALLARES,200605
20230426,6,110901,70,1,4,4,5673780286,20,PIURA,6,SULLANA,5,MARCAVELICA,48,MALLARES,200605
20230426,6,110901,70,1,4,4,5673780286,20,PIURA,6,SULLANA,5,MARCAVELICA,48,MALLARES,200605
20230426,6,110901,70,1,4,4,5673780286,20,PIURA,6,SULLANA,5,MARCAVELICA,48,MALLARES,200605
20230426,6,110901,84,1,4,4,5673780286,20,PIURA,6,SULLANA,5,MARCAVELICA,48,MALLARES,200605
20230426,6,110901,112,1,4,4,5673780286,20,PIURA,6,SULLANA,5,MARCAVELICA,48,MALLARES,200605
20230426,6,110901,125,1,4,4,5673780286,20,PIURA,6,SULLANA,5,MARCAVELICA,48,MALLARES,200605
20230426,6,110901,125,1,4,4,5673780286,20,PIURA,6,SULLANA,5,MARCAVELICA,48,MALLARES,200605
20230426,6,110901,147,1,4,4,5673780286,20,PIURA,6,SULLANA,5,MARCAVELICA,48,MALLARES,200605
20230426,10,1151,10,1,5,5,4539024229,20,PIURA,6,SULLANA,6,MIGUEL CHECA,1,SOJO,200606
20230426,10,1151,27,1,5,5,4539024229,20,PIURA,6,SULLANA,6,MIGUEL CHECA,1,SOJO,200606
20230426,10,1151,27,1,5,5,4539024229,20,PIURA,6,SULLANA,6,MIGUEL CHECA,1,SOJO,200606
20230426,10,1151,67,1,5,5,4539024229,20,PIURA,6,SULLANA,6,MIGUEL CHECA,1,SOJO,200606
20230426,10,1151,84,1,5,5,4539024229,20,PIURA,6,SULLANA,6,MIGUEL CHECA,1,SOJO,200606
20230426,10,1151,102,1,5,5,4539024229,20,PIURA,6,SULLANA,6,MIGUEL CHECA,1,SOJO,200606
20230426,10,1151,102,1,5,5,4539024229,20,PIURA,6,SULLANA,6,MIGUEL CHECA,1,SOJO,200606
20230426,10,1151,179,1,5,5,4539024229,20,PIURA,6,SULLANA,6,MIGUEL CHECA,1,SOJO,200606
20230426,10,1151,199,1,5,5,4539024229,20,PIURA,6,SULLANA,6,MIGUEL CHECA,1,SOJO,200606
20230426,10,1151,199,1,5,5,4539024229,20,PIURA,6,SULLANA,6,MIGUEL CHECA,1,SOJO,200606
20230426,4,1157,53,1,5,4,5673780286,20,PIURA,6,SULLANA,6,MIGUEL CHECA,2,JIBITO,200606
20230426,4,1157,105,1,5,4,5673780286,20,PIURA,6,SULLANA,6,MIGUEL CHECA,2,JIBITO,200606
20230426,4,1157,105,1,5,4,5673780286,20,PIURA,6,SULLANA,6,MIGUEL CHECA,2,JIBITO,200606
20230426,4,1157,182,1,5,4,5673780286,20,PIURA,6,SULLANA,6,MIGUEL CHECA,2,JIBITO,200606
20230426,4,1157,182,1,5,4,5673780286,20,PIURA,6,SULLANA,6,MIGUEL CHECA,2,JIBITO,200606
20230426,1,116802,13,1,2,2,681862509,20,PIURA,1,PIURA,1,PIURA,1,PIURA,200101
20230426,1,116802,52,1,2,2,681862509,20,PIURA,1,PIURA,1,PIURA,1,PIURA,200101
20230426,1,116802,145,1,2,2,681862509,20,PIURA,1,PIURA,1,PIURA,1,PIURA,200101
20230426,1,116802,186,1,2,2,681862509,20,PIURA,1,PIURA,1,PIURA,1,PIURA,200101
20230426,1,119302,22,1,2,4,681862509,20,PIURA,1,PIURA,1,PIURA,1,PIURA,200101
20230426,1,119302,52,1,2,4,681862509,20,PIURA,1,PIURA,1,PIURA,1,PIURA,200101
20230426,1,119302,52,1,2,4,681862509,20,PIURA,1,PIURA,1,PIURA,1,PIURA,200101
20230426,1,119302,52,1,2,4,681862509,20,PIURA,1,PIURA,1,PIURA,1,PIURA,200101
20230426,1,119302,65,1,2,4,681862509,20,PIURA,1,PIURA,1,PIURA,1,PIURA,200101
20230426,1,119302,119,1,2,4,681862509,20,PIURA,1,PIURA,1,PIURA,1,PIURA,200101
20230426,1,119302,119,1,2,4,681862509,20,PIURA,1,PIURA,1,PIURA,1,PIURA,200101
20230426,1,119302,169,1,2,4,681862509,20,PIURA,1,PIURA,1,PIURA,1,PIURA,200101
20230426,1,119302,169,1,2,4,681862509,20,PIURA,1,PIURA,1,PIURA,1,PIURA,200101
20230426,1,119302,169,1,2,4,681862509,20,PIURA,1,PIURA,1,PIURA,1,PIURA,200101
20230426,1,119302,169,1,2,4,681862509,20,PIURA,1,PIURA,1,PIURA,1,PIURA,200101
20230426,1,1229,49,1,2,1,681862509,20,PIURA,1,PIURA,1,PIURA,1,PIURA,200101
20230426,1,1229,49,1,2,1,681862509,20,PIURA,1,PIURA,1,PIURA,1,PIURA,200101
20230426,1,1229,71,1,2,1,681862509,20,PIURA,1,PIURA,1,PIURA,1,PIURA,200101
20230426,1,1229,71,1,2,1,681862509,20,PIURA,1,PIURA,1,PIURA,1,PIURA,200101
20230426,1,1229,85,1,2,1,681862509,20,PIURA,1,PIURA,1,PIURA,1,PIURA,200101
20230426,1,1229,85,1,2,1,681862509,20,PIURA,1,PIURA,1,PIURA,1,PIURA,200101
20230426,1,1229,85,1,2,1,681862509,20,PIURA,1,PIURA,1,PIURA,1,PIURA,200101
20230426,1,1229,99,1,2,1,681862509,20,PIURA,1,PIURA,1,PIURA,1,PIURA,200101
20230426,1,1229,170,1,2,1,681862509,20,PIURA,1,PIURA,1,PIURA,1,PIURA,200101
20230426,5,1274,45,1,2,2,681862509,20,PIURA,1,PIURA,1,PIURA,1,PIURA,200101
20230426,5,1274,45,1,2,2,681862509,20,PIURA,1,PIURA,1,PIURA,1,PIURA,200101
20230426,5,1274,142,1,2,2,681862509,20,PIURA,1,PIURA,1,PIURA,1,PIURA,200101
20230426,5,1292,9,1,2,1,681862509,20,PIURA,1,PIURA,1,PIURA,1,PIURA,200101
20230426,5,1292,25,1,2,1,681862509,20,PIURA,1,PIURA,1,PIURA,1,PIURA,200101
20230426,5,1292,62,1,2,1,681862509,20,PIURA,1,PIURA,1,PIURA,1,PIURA,200101
20230426,5,1292,62,1,2,1,681862509,20,PIURA,1,PIURA,1,PIURA,1,PIURA,200101
20230426,5,1292,93,1,2,1,681862509,20,PIURA,1,PIURA,1,PIURA,1,PIURA,200101
20230426,5,1292,168,1,2,1,681862509,20,PIURA,1,PIURA,1,PIURA,1,PIURA,200101
20230426,5,1292,168,1,2,1,681862509,20,PIURA,1,PIURA,1,PIURA,1,PIURA,200101
20230426,5,1292,168,1,2,1,681862509,20,PIURA,1,PIURA,1,PIURA,1,PIURA,200101
20230426,5,1338,30,1,2,3,681862509,20,PIURA,1,PIURA,15,VEINTISEIS DE OCTUBRE,1,SAN MARTIN,200115
20230426,5,1338,46,1,2,3,681862509,20,PIURA,1,PIURA,15,VEINTISEIS DE OCTUBRE,1,SAN MARTIN,200115
20230426,5,1338,46,1,2,3,681862509,20,PIURA,1,PIURA,15,VEINTISEIS DE OCTUBRE,1,SAN MARTIN,200115
20230426,5,1338,46,1,2,3,681862509,20,PIURA,1,PIURA,15,VEINTISEIS DE OCTUBRE,1,SAN MARTIN,200115
20230426,5,1338,99,1,2,3,681862509,20,PIURA,1,PIURA,15,VEINTISEIS DE OCTUBRE,1,SAN MARTIN,200115
20230426,5,1338,115,1,2,3,681862509,20,PIURA,1,PIURA,15,VEINTISEIS DE OCTUBRE,1,SAN MARTIN,200115
20230426,5,1338,115,1,2,3,681862509,20,PIURA,1,PIURA,15,VEINTISEIS DE OCTUBRE,1,SAN MARTIN,200115
20230426,5,1338,115,1,2,3,681862509,20,PIURA,1,PIURA,15,VEINTISEIS DE OCTUBRE,1,SAN MARTIN,200115
20230426,5,1338,115,1,2,3,681862509,20,PIURA,1,PIURA,15,VEINTISEIS DE OCTUBRE,1,SAN MARTIN,200115
20230426,5,1338,146,1,2,3,681862509,20,PIURA,1,PIURA,15,VEINTISEIS DE OCTUBRE,1,SAN MARTIN,200115
20230426,5,1338,146,1,2,3,681862509,20,PIURA,1,PIURA,15,VEINTISEIS DE OCTUBRE,1,SAN MARTIN,200115
20230426,5,1338,146,1,2,3,681862509,20,PIURA,1,PIURA,15,VEINTISEIS DE OCTUBRE,1,SAN MARTIN,200115
20230426,5,1338,146,1,2,3,681862509,20,PIURA,1,PIURA,15,VEINTISEIS DE OCTUBRE,1,SAN MARTIN,200115
20230426,5,1338,162,1,2,3,681862509,20,PIURA,1,PIURA,15,VEINTISEIS DE OCTUBRE,1,SAN MARTIN,200115
20230426,1,1364,32,1,2,4,681862509,20,PIURA,1,PIURA,15,VEINTISEIS DE OCTUBRE,1,SAN MARTIN,200115
20230426,1,1364,32,1,2,4,681862509,20,PIURA,1,PIURA,15,VEINTISEIS DE OCTUBRE,1,SAN MARTIN,200115
20230426,1,1364,48,1,2,4,681862509,20,PIURA,1,PIURA,15,VEINTISEIS DE OCTUBRE,1,SAN MARTIN,200115
20230426,1,1364,97,1,2,4,681862509,20,PIURA,1,PIURA,15,VEINTISEIS DE OCTUBRE,1,SAN MARTIN,200115
20230426,1,1364,115,1,2,4,681862509,20,PIURA,1,PIURA,15,VEINTISEIS DE OCTUBRE,1,SAN MARTIN,200115
20230426,1,1364,115,1,2,4,681862509,20,PIURA,1,PIURA,15,VEINTISEIS DE OCTUBRE,1,SAN MARTIN,200115
20230426,1,1364,144,1,2,4,681862509,20,PIURA,1,PIURA,15,VEINTISEIS DE OCTUBRE,1,SAN MARTIN,200115
20230426,1,1364,144,1,2,4,681862509,20,PIURA,1,PIURA,15,VEINTISEIS DE OCTUBRE,1,SAN MARTIN,200115
20230426,1,1364,185,1,2,4,681862509,20,PIURA,1,PIURA,15,VEINTISEIS DE OCTUBRE,1,SAN MARTIN,200115
20230426,5,1407,37,1,2,4,681862509,20,PIURA,1,PIURA,15,VEINTISEIS DE OCTUBRE,1,SAN MARTIN,200115
20230426,5,1407,37,1,2,4,681862509,20,PIURA,1,PIURA,15,VEINTISEIS DE OCTUBRE,1,SAN MARTIN,200115
20230426,5,1407,37,1,2,4,681862509,20,PIURA,1,PIURA,15,VEINTISEIS DE OCTUBRE,1,SAN MARTIN,200115
20230426,5,1407,37,1,2,4,681862509,20,PIURA,1,PIURA,15,VEINTISEIS DE OCTUBRE,1,SAN MARTIN,200115
20230426,5,1407,56,1,2,4,681862509,20,PIURA,1,PIURA,15,VEINTISEIS DE OCTUBRE,1,SAN MARTIN,200115
20230426,5,1407,56,1,2,4,681862509,20,PIURA,1,PIURA,15,VEINTISEIS DE OCTUBRE,1,SAN MARTIN,200115
20230426,5,1407,87,1,2,4,681862509,20,PIURA,1,PIURA,15,VEINTISEIS DE OCTUBRE,1,SAN MARTIN,200115
20230426,5,1407,87,1,2,4,681862509,20,PIURA,1,PIURA,15,VEINTISEIS DE OCTUBRE,1,SAN MARTIN,200115
20230426,5,1407,132,1,2,4,681862509,20,PIURA,1,PIURA,15,VEINTISEIS DE OCTUBRE,1,SAN MARTIN,200115
20230426,5,1407,175,1,2,4,681862509,20,PIURA,1,PIURA,15,VEINTISEIS DE OCTUBRE,1,SAN MARTIN,200115
20230426,5,1407,175,1,2,4,681862509,20,PIURA,1,PIURA,15,VEINTISEIS DE OCTUBRE,1,SAN MARTIN,200115
